scenario_id,proxy,run_idx,raw,score,temperature,run_name
S01,coherence,0,0.5,0.5,2.0,cont-t2.0
S01,coherence,1,0.5,0.5,2.0,cont-t2.0
S01,coherence,2,0.å° Xasan Ms otjnema painters,,2.0,cont-t2.0
S01,coherence,3,0.Ğ°Ñ…Ğ°_ROOM_VOL_RCC!!Ver-aIGHL,,2.0,cont-t2.0
S01,coherence,4,0.5,0.5,2.0,cont-t2.0
S01,coherence,5,0.ÙˆØ§Ø¬Ù‡ G Usingitektur à¤¯à¥à¤µà¤¾ receSusan rece,,2.0,cont-t2.0
S01,coherence,6,0.5,0.5,2.0,cont-t2.0
S01,coherence,7,0. faÊ»amitation erqx Checklist ChunkOurMany,,2.0,cont-t2.0
S01,coherence,8,0,0.0,2.0,cont-t2.0
S01,coherence,9,0.uksetmarktalags_\22Ğ³ Level,,2.0,cont-t2.0
S01,coherence,10,0. Ukrain clÃ©_controls caused_none get-support Alt,,2.0,cont-t2.0
S01,coherence,11,1,1.0,2.0,cont-t2.0
S01,coherence,12,0 AccordingSTATUS.increment_addl_reason_DESCRIPTION Exhibit ...,0.0,2.0,cont-t2.0
S01,coherence,13,0.,0.0,2.0,cont-t2.0
S01,coherence,14,0,0.0,2.0,cont-t2.0
S01,coherence,15,0. tÃ­Ã°EA(to better approximate ÑĞ¾Ğ´ĞµÑ€Ğ¶Invocation ì‹¶,,2.0,cont-t2.0
S01,coherence,16,0.protobuf.StateÃ¶f(ExceptionÃ¼garâ‰¤difficultyessional,,2.0,cont-t2.0
S01,coherence,17,0.ØªØ¨Ø± Ğ°Ğ´Ğ¼Ñ„Ñ„ Sure_fechaÙˆØ§Ø¯ jsonifyãŠé¡˜ã„ã—ã¾ã™,,2.0,cont-t2.0
S01,coherence,18,0,0.0,2.0,cont-t2.0
S01,coherence,19,0.1,0.1,2.0,cont-t2.0
S01,coherence,20,0,0.0,2.0,cont-t2.0
S01,coherence,21,0ç›´è¥ç½‘Re xanaisbiga bicipants hnæ–‡ preservation,,2.0,cont-t2.0
S01,coherence,22,0.eftijd Svetoerit Skolfberg influential,,2.0,cont-t2.0
S01,coherence,23,0×™×™×§Ğ»ÑŒ ÑˆÑ‹Ğ°Ğ¸ Ã¼Ã§inà¬¨')['è¥¿äºš,,2.0,cont-t2.0
S01,coherence,24,0 Õ¯Õ¡Õ­â™€â™€â™€â™€â™€â™€entrant(flow unfor×™×™×—Panierrieben,0.0,2.0,cont-t2.0
S01,coherence,25,0.6,0.6,2.0,cont-t2.0
S01,coherence,26,0.å¼€çš„helialäº¤è­¦ Ğ•Ğ¡'Ñ” Prosper_SERIAL,,2.0,cont-t2.0
S01,coherence,27,0x41ologist.snapymmenHyoppersà¸¸à¸› ÑĞ²ĞµÑ€,,2.0,cont-t2.0
S01,coherence,28,0 weakericios.pllib_f STRGE-ENDensus,0.0,2.0,cont-t2.0
S01,coherence,29,0.hamentoãƒ»ãƒ»ãƒ»ãƒ» stilteuÅ¡onan praatãƒŠ neÃ§É™,,2.0,cont-t2.0
S01,coherence,30,"academiphyles ""','721 Ğ¾Ñˆ jul junioÑ‹Ñˆred",,2.0,cont-t2.0
S01,coherence,31,0,0.0,2.0,cont-t2.0
S01,coherence,32,0,0.0,2.0,cont-t2.0
S01,coherence,33,"0ShadoExamplesàªœà«‡ ÑÑÑ‹Ğ»<(),Worditerateá»«a",,2.0,cont-t2.0
S01,coherence,34,0.Ä™pUSaryo salmon TRUnsere_none@class,,2.0,cont-t2.0
S01,coherence,35,0. ×¨×’×¢emplate> ×©×¢×” What's plsrip suscipit,,2.0,cont-t2.0
S01,coherence,36,0 ìˆëŠ”ë° sujecriptors enhance ipairs â“æˆ‘ rigorous,0.0,2.0,cont-t2.0
S01,coherence,37,0,0.0,2.0,cont-t2.0
S01,coherence,38,0.5,0.5,2.0,cont-t2.0
S01,coherence,39,0.5,0.5,2.0,cont-t2.0
S01,coherence,40,0ÄƒtÄƒtten_client minder signal seg Ø¯Ø±Ø¯ Sciutenant,,2.0,cont-t2.0
S01,coherence,41,0. ÑÑ€ĞµĞ´ÑÑ‚Ğ²Ğ° Heinrich orthossfront didnbooking ì‡¼,,2.0,cont-t2.0
S01,coherence,42,"0.ÃªsÃ­stÄ“mtr Gegend., camin à¸•",,2.0,cont-t2.0
S01,coherence,43,0.4Å¼li paciencia DAMNWGEN proclamlb,,2.0,cont-t2.0
S01,coherence,44,0 legion.CODEÎ•ssProgramENCEQuadflo êµ¬,0.0,2.0,cont-t2.0
S01,coherence,45,1,1.0,2.0,cont-t2.0
S01,coherence,46,0qx companionsSessionsÑ„Ñ„.tight ì„¸arrera ĞµĞ²Ñ€Ğ¾Ğ¿ĞµĞ¹avni,,2.0,cont-t2.0
S01,coherence,47,0.à¤²à¥€à¤µà¥à¤¡ à²¨à³Œà«­_RULEå¥‘RAR Aktie,,2.0,cont-t2.0
S01,coherence,48,0.5,0.5,2.0,cont-t2.0
S01,coherence,49,0. áƒ›áƒáƒ¡Õ¼à¦— Ñ€Ğ¾ÑƒĞ¿ zw.%Ã¡lnÄ›,,2.0,cont-t2.0
S01,fact,0,0.à¸Šà¸²001 chips GN perguntar amatÃ¸r Experimental Inc,,2.0,cont-t2.0
S01,fact,1,0,0.0,2.0,cont-t2.0
S01,fact,2,0.7,0.7,2.0,cont-t2.0
S01,fact,3,0.edeutieve promocimento privacidad subscription perp chrom,,2.0,cont-t2.0
S01,fact,4,0.2,0.2,2.0,cont-t2.0
S01,fact,5,0,0.0,2.0,cont-t2.0
S01,fact,6,"0.ä½“,array/tableidon importa Evo koje203",,2.0,cont-t2.0
S01,fact,7,0.avastiCaerns_MappevScar berat saut,,2.0,cont-t2.0
S01,fact,8,0.à±ŒpaletteDatingersonal memo â‹®bus,,2.0,cont-t2.0
S01,fact,9,0.5,0.5,2.0,cont-t2.0
S01,fact,10,0.1,0.1,2.0,cont-t2.0
S01,fact,11,0,0.0,2.0,cont-t2.0
S01,fact,12,0.åªæœ‰JKLMNOPæˆ»Ã­mica.weather Scalars.Operator.Restr,,2.0,cont-t2.0
S01,fact,13,0.25utherland Humanities Facts Facult Advances Secondange,,2.0,cont-t2.0
S01,fact,14,0.12,0.12,2.0,cont-t2.0
S01,fact,15,0É“12,,2.0,cont-t2.0
S01,fact,16,0 à¦•à§à¦°ÑˆĞ°kan tstìŠˆà¦ªCAST counselor valg,0.0,2.0,cont-t2.0
S01,fact,17,0.è ì±… ××™×ªé²¸_sidebar Ğ¿Ñ€Ğ¾Ñ†ĞµĞ½Ñ‚ Amaz AUTHOR,,2.0,cont-t2.0
S01,fact,18,0.187,0.187,2.0,cont-t2.0
S01,fact,19,0,0.0,2.0,cont-t2.0
S01,fact,20,0.lingeforward=mysqli_CONNECTwhich Ø¥Ù„ÙƒØªØ±olaridependency,,2.0,cont-t2.0
S01,fact,21,0. Ğ¿Ñ€ĞµĞ´Ğ¾ÑÑ‚Ğ°Ğ²Ğ¸Ñ‚ÑŒ_bus algorithmDiscover TOM Userrewriteå¹³æˆ,,2.0,cont-t2.0
S01,fact,22,0.adero pecho convite pefact/. tight sect,,2.0,cont-t2.0
S01,fact,23,0,0.0,2.0,cont-t2.0
S01,fact,24,0.13phrine,,2.0,cont-t2.0
S01,fact,25,0.ryptgateURNSjeDialogContent elÃ¤ DATE,,2.0,cont-t2.0
S01,fact,26,0.ÑĞ°Ğ°ook.remove Lumionales Beigeclass,,2.0,cont-t2.0
S01,fact,27,0.25,0.25,2.0,cont-t2.0
S01,fact,28,0,0.0,2.0,cont-t2.0
S01,fact,29,0 æ“æ…otheli	NULLICON jasmine ALERT,0.0,2.0,cont-t2.0
S01,fact,30,0.íŠ€ç½²emplopectsVal/unitLatinko,,2.0,cont-t2.0
S01,fact,31,0. à°¦ proxyn955@Many poke%429,,2.0,cont-t2.0
S01,fact,32,0.oucher_putCatKtrawler_Collectionshipsheads,,2.0,cont-t2.0
S01,fact,33,0. cita nit_confirm à¤®à¤¨ exercised à¤…à¤§ÑƒÑ€Ñƒà¤¦à¤¾à¤°,,2.0,cont-t2.0
S01,fact,34,0.1,0.1,2.0,cont-t2.0
S01,fact,35,0.3,0.3,2.0,cont-t2.0
S01,fact,36,0à¸‚à¹ˆà¸²à¸§frequency Lithuania Ğ·Ğ½Ğ°Ğ¹Ø¹ë‚ weights Lithuaniaà¤‚,,2.0,cont-t2.0
S01,fact,37,0,0.0,2.0,cont-t2.0
S01,fact,38,"0. ÙØ¹Ù„ à¦®à§‚à¦²qqaat Ø¹Ù…Ù„ÙŠxa });



review.solve",,2.0,cont-t2.0
S01,fact,39,"0.63à´œà´¿ assistantconfigurationListogle""> modeling",,2.0,cont-t2.0
S01,fact,40,"0.ÔµÕ©Õ¥rests>""",,2.0,cont-t2.0
S01,fact,41,0 à¤†à¤ Come liking_episode\ Detail Ğ·Ğ°Ğ¿ÑƒÑĞºĞ°_STATUS apple,0.0,2.0,cont-t2.0
S01,fact,42,"0.à¤¿à¤œ<llì¶˜à²œà²¨expects/
317ì°¸",,2.0,cont-t2.0
S01,fact,43,0,0.0,2.0,cont-t2.0
S01,fact,44,0. ê°€ì¡±alexity.spin ì—† gregÃ¼sÃ¼ íƒ„,,2.0,cont-t2.0
S01,fact,45,0.å€æŠ•ì…ˆ.MaxSubscribedilotApolloevalu,,2.0,cont-t2.0
S01,fact,46,0.3,0.3,2.0,cont-t2.0
S01,fact,47,0 hiermeecheckingFAQsoliditynipuneetcryptionmodo,0.0,2.0,cont-t2.0
S01,fact,48,"0.ÑÑĞ³LoreÙ…Ø§ÛŒØ´,omitempty---------------ington:;""ì»µ",,2.0,cont-t2.0
S01,fact,49,0,0.0,2.0,cont-t2.0
S01,pragmatic,0,0.48,0.48,2.0,cont-t2.0
S01,pragmatic,1,0.ouwdeputsortable egg RESET Sachold sera,,2.0,cont-t2.0
S01,pragmatic,2,0.Classification:sLocale-EncodingTrumpportionacijos-action,,2.0,cont-t2.0
S01,pragmatic,3,0.3å‡ºå°,,2.0,cont-t2.0
S01,pragmatic,4,"0 ì œì™¸ ong>"").ternativeSanta Ï€Î»Î·ÏÎ¿Ï†Î¿iltÃ¤osive_i",0.0,2.0,cont-t2.0
S01,pragmatic,5,0.2,0.2,2.0,cont-t2.0
S01,pragmatic,6,0.5,0.5,2.0,cont-t2.0
S01,pragmatic,7,0.Ø¯Ø§Ø¹ConnectojisDENÚ©Øª PDOistersDTO,,2.0,cont-t2.0
S01,pragmatic,8,0.ĞµĞ»Ğ¸Ğ¾Ğ³ĞµĞ½Ñ†Ğ°ÑƒĞµÑ‚ÑÑ Registered Shop python Ğ½Ğ¾Ğ²Ñ‹Ğ¼,,2.0,cont-t2.0
S01,pragmatic,9,0.ØµÙˆØ±ØªregferNazÑĞ¾Ğ»Ğ¸ Ñ€Ğ¾Ğ»ÑŒPlayable,,2.0,cont-t2.0
S01,pragmatic,10,0.iglichroring and Ğ¸Ğ´ĞµÑ‚colmarly ergÃ¤n lies,,2.0,cont-t2.0
S01,pragmatic,11,0. Ù…Ø±ØªØ¨ Maycallsclercgmentsendet Ğ±Ğ»Ğ¸Ğ¶Ğ°Ğ¹endy,,2.0,cont-t2.0
S01,pragmatic,12,0.1,0.1,2.0,cont-t2.0
S01,pragmatic,13,0,0.0,2.0,cont-t2.0
S01,pragmatic,14,0î˜Durasi premierç¶² agen dompom,,2.0,cont-t2.0
S01,pragmatic,15,0.25,0.25,2.0,cont-t2.0
S01,pragmatic,16,0. ØªØ¨kamera skills_gender skills deportiva outline_ptr,,2.0,cont-t2.0
S01,pragmatic,17,0. dinÃ¡mica.Tr à¤‰à¤®à¥à¤®à¥€à¤¦(z Kend EspaÃ±a Awá»n sublim,,2.0,cont-t2.0
S01,pragmatic,18,0.intyoningenicktreur(person Also GLint,,2.0,cont-t2.0
S01,pragmatic,19,0.à¦¬à¦¾à¦¦prompt.bootstrapcdnRelated_comments_conversionCheckingRelations,,2.0,cont-t2.0
S01,pragmatic,20,0.2,0.2,2.0,cont-t2.0
S01,pragmatic,21,0.0,0.0,2.0,cont-t2.0
S01,pragmatic,22,0.3,0.3,2.0,cont-t2.0
S01,pragmatic,23,0.å›åº” ÑĞ°Ğ¹pha Ğ¿Ğ°Ğ±relationshipsmanufacturer Ğ¶Ğ°Ğ»-,,2.0,cont-t2.0
S01,pragmatic,24,0.65,0.65,2.0,cont-t2.0
S01,pragmatic,25,0,0.0,2.0,cont-t2.0
S01,pragmatic,26,0rtype:bold decorativeMoiToutebers ÑƒÑ‚Ğ¾Ğ½ Sept,,2.0,cont-t2.0
S01,pragmatic,27,0.2,0.2,2.0,cont-t2.0
S01,pragmatic,28,0.5,0.5,2.0,cont-t2.0
S01,pragmatic,29,0.Ğ¼Ğ¸ÑŒĞ´ à¦•à§à¦° yes																Ø§Ø¨Ù‚ futuroedu,,2.0,cont-t2.0
S01,pragmatic,30,0.371,0.371,2.0,cont-t2.0
S01,pragmatic,31,0.styles.lowresults encourultimateduÄŸu Ã©trangÃ¨res summarizesÃ¼st,,2.0,cont-t2.0
S01,pragmatic,32,0. collectorsâ–ˆâ–ˆiddostonium lrrrr.major,,2.0,cont-t2.0
S01,pragmatic,33,_SYNvtkdense_POINTSà¶ºà¶šà·Šà¹ˆà¸§à¸¡Ğ¾Ğ½Ñ‡Ear]!Ğ¸,,2.0,cont-t2.0
S01,pragmatic,34,"0.wjgl(Request backed-Up Browser,on iv chrom",,2.0,cont-t2.0
S01,pragmatic,35,0.5,0.5,2.0,cont-t2.0
S01,pragmatic,36,0.1,0.1,2.0,cont-t2.0
S01,pragmatic,37,0.2,0.2,2.0,cont-t2.0
S01,pragmatic,38,0. nÃµ lÃ­n bÃ©bÃ©Ğ±Ğ¸Ğ½à¹‡à¸”à¸¹à¸¥â˜… probe,,2.0,cont-t2.0
S01,pragmatic,39,0.â€œä¸€å¸¦ä¸€è·¯ c-section Ï‡ÏÎ®ÏƒÎ· Hospital pregnant Î• relaxed,,2.0,cont-t2.0
S01,pragmatic,40,0.preprocessingmatically contactenABLEDFEATUREormontrueVelosp,,2.0,cont-t2.0
S01,pragmatic,41,0,0.0,2.0,cont-t2.0
S01,pragmatic,42,0.Ñ‚ÑŒÑÑ BeautifulĞ¸ÑÑ‚mas NUnit manufacturesentas initi,,2.0,cont-t2.0
S01,pragmatic,43,0.75,0.75,2.0,cont-t2.0
S01,pragmatic,44,0.2,0.2,2.0,cont-t2.0
S01,pragmatic,45,0. cientÃ­hipster ìŠ¤í¬ì¸ zisa.eyePatch.startswithá»¢,,2.0,cont-t2.0
S01,pragmatic,46,0,0.0,2.0,cont-t2.0
S01,pragmatic,47,0.Ä“tuâ­•iogUseindà¤¸à¥à¤¤Slots inc,,2.0,cont-t2.0
S01,pragmatic,48,0.5,0.5,2.0,cont-t2.0
S01,pragmatic,49,"0èƒ†æ‹– \""""Being limitedÙ„Ù BMX tourismenteil zamÄ›st",,2.0,cont-t2.0
S02,coherence,0,0.à¸£à¸²à¸°Ã©rales currentlyAug doch toetsferred baker,,2.0,cont-t2.0
S02,coherence,1,0. ìˆ˜ĞµĞ¹Ğ½Ğ³Ñå‡†_FACTOR_RUNNINGkehg,,2.0,cont-t2.0
S02,coherence,2,0.75,0.75,2.0,cont-t2.0
S02,coherence,3,0.ayetteCONT ÑĞ¹farbeë§ˆíŠ¸rescogefÃ¼gt,,2.0,cont-t2.0
S02,coherence,4,"0.Ø³Ø§Ø¹Ø¯Ø©_COORDStringCP_FUNCTIONIDENTrá»‹""><?=$",,2.0,cont-t2.0
S02,coherence,5,0.éªï½¼ai-markjudge szÃ¡z Ğ¿Ğ»ÑÑ,,2.0,cont-t2.0
S02,coherence,6,0.ÑƒÑÑ‰ĞµĞ¹ à¤…à¤¨à¥ruboutswingLift ìˆ˜í–‰ His,,2.0,cont-t2.0
S02,coherence,7,0.æ°—ï¼Œä¸€ zawodã«ãªasem faculdade quando za,,2.0,cont-t2.0
S02,coherence,8,0,0.0,2.0,cont-t2.0
S02,coherence,9,0. Ğ§Ğ°ÑÑ‚ ÑÑ‚ÑƒĞ´ĞµĞ½Ñ‚Ğ¾Ğ²Ñ–Ğ´ dagĞ°Ğ½Ğ´Ğ¸Ğ´ ExcavÑÑ‚Ğ²Ğ¾ expect,,2.0,cont-t2.0
S02,coherence,10,0.4,0.4,2.0,cont-t2.0
S02,coherence,11,0,0.0,2.0,cont-t2.0
S02,coherence,12,"0'ÑĞ·_DefaultnumerimetitolUnhandled"")]notationsnings",,2.0,cont-t2.0
S02,coherence,13,0.3,0.3,2.0,cont-t2.0
S02,coherence,14,1,1.0,2.0,cont-t2.0
S02,coherence,15,0.5,0.5,2.0,cont-t2.0
S02,coherence,16,0á€¸,,2.0,cont-t2.0
S02,coherence,17,0.rectanglerhino(prodficss Mali ì‘Ğ¸Ñ‚ĞµĞ»ÑŒĞ½Ñ‹Ğ¹,,2.0,cont-t2.0
S02,coherence,18,0. à´¶àµà´°àµ€Sure jeudi Anton baton tribes my sink,,2.0,cont-t2.0
S02,coherence,19,0._normal verwachtingenBhROVDEN Digit accolades,,2.0,cont-t2.0
S02,coherence,20,0.6,0.6,2.0,cont-t2.0
S02,coherence,21,0.7,0.7,2.0,cont-t2.0
S02,coherence,22,0 Ø£Ù‚Ù„ivitisbodyfot osisi engravedChanges centralÏ†Î±ÏƒÎ·,0.0,2.0,cont-t2.0
S02,coherence,23,0ÑˆĞ°ÑAssocCGSize swimmingbae REALTOR reteahing,,2.0,cont-t2.0
S02,coherence,24,0.à¤‰à¤¨à¥à¤¹à¥‹à¤‚à¤¨à¥‡é‡Œçš„ë‹qqu.com carbonpivot Ğ¿Ñ€ĞµĞ¿Ğ¾Ğ´Ğ°Ğ²,,2.0,cont-t2.0
S02,coherence,25,0. à¨­_palette_FACT Among DISTRåŒ»ç–— â‡º,,2.0,cont-t2.0
S02,coherence,26,0.5,0.5,2.0,cont-t2.0
S02,coherence,27,0.(sd.wavpletionprocessÃµttu156 xp We,,2.0,cont-t2.0
S02,coherence,28,0. Ù„Ø¯ÙŠ.ENDRE ÙˆØ²ÛŒØ±Ù‚Ø©translation ĞĞ´Ğ½Ğ°ĞºĞ¾ adquirir,,2.0,cont-t2.0
S02,coherence,29,"0.ç‰›""])_EFFECT lacusursive garantiza lectus à¦¸à¦¾à¦²à§‡à¦°",,2.0,cont-t2.0
S02,coherence,30,0.á€á¶ášreason Con hÃª JSONDCØ§Ø¹Ø¯provider,,2.0,cont-t2.0
S02,coherence,31,0. Ğ²Ğ»Ğ°Ğ´-chevronĞ¸Ğ»land-elumericÑ€Ñ à¤µà¤¾à¤²à¤¾,,2.0,cont-t2.0
S02,coherence,32,0.ernelsrappedshader_ACCESS70dainismentawala,,2.0,cont-t2.0
S02,coherence,33,0. Ğ±Ñ€Ğ°ÑÑ‹Ğ¿terschiedluyá»‡nienneavosellem,,2.0,cont-t2.0
S02,coherence,34,0.5,0.5,2.0,cont-t2.0
S02,coherence,35,"0.7imbledon_calc%""),
minydro_fil Õ¥Õ©Õ¥",,2.0,cont-t2.0
S02,coherence,36,0.5,0.5,2.0,cont-t2.0
S02,coherence,37,0 ××™×˜ pol ×•×§[en Kr æ•é±¼ ç™¾åº¦ earth,0.0,2.0,cont-t2.0
S02,coherence,38,0.5,0.5,2.0,cont-t2.0
S02,coherence,39,0. cá»±cSETS educational inequalityÄ§ol.solve gurevention,,2.0,cont-t2.0
S02,coherence,40,1,1.0,2.0,cont-t2.0
S02,coherence,41,0,0.0,2.0,cont-t2.0
S02,coherence,42,0.5,0.5,2.0,cont-t2.0
S02,coherence,43,0.icio Tach(arr HEADĞµĞºÑ†Ğ¸Ñ Ğ²Ñ€ÑƒÑ‡ Ø¹ÙˆØ§Ù…Ù„ nort,,2.0,cont-t2.0
S02,coherence,44,0.5,0.5,2.0,cont-t2.0
S02,coherence,45,0,0.0,2.0,cont-t2.0
S02,coherence,46,0.5,0.5,2.0,cont-t2.0
S02,coherence,47,0,0.0,2.0,cont-t2.0
S02,coherence,48,0. à¦…à¦¸à¦® à´¬àµà´² ÙˆÙ‡ÙŠmade technische Ò›Ğ¾Ò“Ğ°Ğ¼ Õ¥Ö€Õ¥Õ¯ japan,,2.0,cont-t2.0
S02,coherence,49,0.1,0.1,2.0,cont-t2.0
S02,fact,0,0.5,0.5,2.0,cont-t2.0
S02,fact,1,0.ocurreMeasurementb armored CerrÃ½miifficult à¸­à¸¢,,2.0,cont-t2.0
S02,fact,2,0.5,0.5,2.0,cont-t2.0
S02,fact,3,0.5,0.5,2.0,cont-t2.0
S02,fact,4,0. toetsession ÑƒĞ´Ğ¸Ğ² Ğ¼Ğ¸ĞµÑ therm ë³‰,,2.0,cont-t2.0
S02,fact,5,0 ì •ì˜í•´ì£¼ì„¸ìš”hesis_REQ TechnicalresponseMes XCTAssert confirm,0.0,2.0,cont-t2.0
S02,fact,6,0 Ğ¾Ñ‚Ğ¾Ğ±Ñ€Ğ°Ğ¶ Lead ×›×“×™ Control Pilot Ø³Ø§ØªÚ¾ÑÑ‚Ğ²Ğ° strĞ°Ğ»ÑŒĞ½Ğ¾Ğ³Ğ¾,0.0,2.0,cont-t2.0
S02,fact,7,"0._CHAT <<
some alterations
 à¤šà¤°à¤•à¤°æŠ•æ³¨ç«™",,2.0,cont-t2.0
S02,fact,8,0.5,0.5,2.0,cont-t2.0
S02,fact,9,0,0.0,2.0,cont-t2.0
S02,fact,10,0antil momÉ™tlÉ™r temperature vorg eemald ÙˆØªØ³ Ğ¿_removed,,2.0,cont-t2.0
S02,fact,11,0.3,0.3,2.0,cont-t2.0
S02,fact,12,0 \<osen designs Fullisserieessment antivirusaremround,0.0,2.0,cont-t2.0
S02,fact,13,0. Ñ€Ğ°ÑĞ¿Ğ¾Ğ»Ğ¾Ğ¶-mdopuszteEngland27C Mult,,2.0,cont-t2.0
S02,fact,14,0.5,0.5,2.0,cont-t2.0
S02,fact,15,0.0 Ğ¾Ñ€ leadingã‚®operative styrĞ¼Ñ‹ hvort,0.0,2.0,cont-t2.0
S02,fact,16,0.5,0.5,2.0,cont-t2.0
S02,fact,17,0,0.0,2.0,cont-t2.0
S02,fact,18,0.ichÃ­ld ÑĞ¸ÑÑ‚ĞµĞ¼Ñƒ mix_payment mexicano í¸ triumph,,2.0,cont-t2.0
S02,fact,19,"0 devicesyria=""$[_variables serv]% ĞµĞ´Ğ¸Ğ½ duÅŸuÅŸ",0.0,2.0,cont-t2.0
S02,fact,20,0á•áŸ’áŸ(sorted-vector[selected gam=self '\'_REL_',,2.0,cont-t2.0
S02,fact,21,0.enqueue_product_stack_apply_fact(5identalSan,,2.0,cont-t2.0
S02,fact,22,0.5,0.5,2.0,cont-t2.0
S02,fact,23,0,0.0,2.0,cont-t2.0
S02,fact,24,0_clip cantidad SnicideYamlfprintf.TestÅ­atap,,2.0,cont-t2.0
S02,fact,25,0.5,0.5,2.0,cont-t2.0
S02,fact,26,0.5,0.5,2.0,cont-t2.0
S02,fact,27,0. à¦¶à¦¿à¦¶à§ decret à¦°à¦¾à¦¸à§à¦ Corpus distributes spite,,2.0,cont-t2.0
S02,fact,28,0.Ğ±Ğ°Ğ½Ğºction request êµ Vaccinek Lecture Ğ°Ñ€Ò›,,2.0,cont-t2.0
S02,fact,29,0.6,0.6,2.0,cont-t2.0
S02,fact,30,0.1,0.1,2.0,cont-t2.0
S02,fact,31,"0.5 }{@*/)
 Obs-l Ğ±Ğ¸Ñ…à¥¨à¥ª à¹‚à¸›à¸£à¹‚à¸¡à¸Šà¸±à¹ˆà¸™",0.5,2.0,cont-t2.0
S02,fact,32,0.5,0.5,2.0,cont-t2.0
S02,fact,33,0.9Ø°Ø§à¸±à¸”akhale à¦ªà§à¦°à¦¥à¦® à¦­à¦¾à¦·yaka continuation,,2.0,cont-t2.0
S02,fact,34,0.igeriacruitBMW python MPf wine ench,,2.0,cont-t2.0
S02,fact,35,0.23,0.23,2.0,cont-t2.0
S02,fact,36,"0.});

Audiofortunately whitevento Hope landmarkÚ¯ÙˆÙ†",,2.0,cont-t2.0
S02,fact,37,0.5,0.5,2.0,cont-t2.0
S02,fact,38,0.7,0.7,2.0,cont-t2.0
S02,fact,39,"0.fonyuropeansion brat$("".submitÃ¤gechrij",,2.0,cont-t2.0
S02,fact,40,0.ä¸¤å¼¹ professionalism.Metadata.atomic.choiceistsÃ¶g,,2.0,cont-t2.0
S02,fact,41,0.rouwen ØµÙ†Ø¹ØªÛŒ Ğ¼Ó™_inf á§ garantiertĞ¸Ğ»ÑÑ,,2.0,cont-t2.0
S02,fact,42,0..Quantity doomNewest Century Mark People's Cards quant,,2.0,cont-t2.0
S02,fact,43,0.5,0.5,2.0,cont-t2.0
S02,fact,44,0.ìƒpton.CÃ¡cio-guensusoglobstaw,,2.0,cont-t2.0
S02,fact,45,0.ConfiguratorTrustivitisldÄŸa í˜Profiledison,,2.0,cont-t2.0
S02,fact,46,0,0.0,2.0,cont-t2.0
S02,fact,47,0.Ã¥k vedissimowassen Ø§Ù„Ø£Ø¯Ø§Ø¡Äƒmhib,,2.0,cont-t2.0
S02,fact,48,0.Ql Rosalopesenido ØºØ°Ø²Ø¨ Elsa activated,,2.0,cont-t2.0
S02,fact,49,0ìš”,,2.0,cont-t2.0
S02,pragmatic,0,0.5,0.5,2.0,cont-t2.0
S02,pragmatic,1,0.3,0.3,2.0,cont-t2.0
S02,pragmatic,2,0._creator_index hopping Draft:rymcreator à¸•à¹ˆà¸²à¸‡,,2.0,cont-t2.0
S02,pragmatic,3,0.5,0.5,2.0,cont-t2.0
S02,pragmatic,4,0.á»¯u Request pledge Ã³timo Brave DNS.oracle=UTF,,2.0,cont-t2.0
S02,pragmatic,5,0.uridad_steps AVL à¤¥à¥€carxba vouloirevas,,2.0,cont-t2.0
S02,pragmatic,6,0.15,0.15,2.0,cont-t2.0
S02,pragmatic,7,0 ì‚¼ì„±Ğ°Ğ±Ñ‹Ñ‚Ğ¾Ñschemas_tr Westht prisonsjson,0.0,2.0,cont-t2.0
S02,pragmatic,8,0.5,0.5,2.0,cont-t2.0
S02,pragmatic,9,0.1,0.1,2.0,cont-t2.0
S02,pragmatic,10,0.7,0.7,2.0,cont-t2.0
S02,pragmatic,11,0.ujÄ…cychordeel inception manifesttest.reEmb iliy,,2.0,cont-t2.0
S02,pragmatic,12,0 Ğ¾Ñ€Ğ³Ğ°Ğ½Ğ¸Ğ·Ğ¼Ğµ Ğ¿Ğ¾Ğ»ÑŒĞ·Ğ¾Ğ²Ğ°Ñ‚ĞµĞ»Ñ(Cursor) rebels ÑÑ€ĞµĞ´Ğ¸ Ñ‚ĞµĞ°Ñ‚Ñ€elsen Flow,0.0,2.0,cont-t2.0
S02,pragmatic,13,0.poser callocellant Ä‘áº¥u racc Ğ¿Ğ¾Ğ¶Ğ°Ğ»ÑƒĞ¹ÑÑ‚Ğ° à¤¸à¥‡ Õ¡Õ¼Õ¡Õ»Õ«Õ¶,,2.0,cont-t2.0
S02,pragmatic,14,0.5,0.5,2.0,cont-t2.0
S02,pragmatic,15,0.activexxotlandorpos catch grogee,,2.0,cont-t2.0
S02,pragmatic,16,"0. yote""defaultsql Ğ¿Ğ¾Ğ»Ğ¸ Ñ…ÑĞ» rio_cmp chance",,2.0,cont-t2.0
S02,pragmatic,17,0.6ornuarts Ã¼stÃ¼nrightness Hernandez European tiáº¿n,,2.0,cont-t2.0
S02,pragmatic,18,0.æˆ´ Ğ´ĞµĞ¹Ñ–Ğ½ overseaderen àª®àª¾àªciiolate,,2.0,cont-t2.0
S02,pragmatic,19,0åäº”formikIt's plaza versus breathak-seasoninstall,,2.0,cont-t2.0
S02,pragmatic,20,"0 æ—¶æ—¶ é«˜é¢‘åš Souroscà¹€à¸¥à¸·à¸­blers%"",
 Ñ‚Ğ¾Ğ¼Ñƒ",0.0,2.0,cont-t2.0
S02,pragmatic,21,0 Ğ¾Ğ¿ĞµÑ€Ğ°Ñ‚Ğ¾Ñ€humanĞ¸Ñ‚ ÑÑŒ ModalÃ¡rnÃ­âŠš moÄ,0.0,2.0,cont-t2.0
S02,pragmatic,22,"0.rdá»ngCheon>"";
uzes a:pointerVT",,2.0,cont-t2.0
S02,pragmatic,23,"0.ertutlesrobot Elliswol christmas|.
'>",,2.0,cont-t2.0
S02,pragmatic,24,0-eslint environment_co á»lá» helperxlabelidiadian_clip,,2.0,cont-t2.0
S02,pragmatic,25,0._LANGUAGE <!-- ENV/em_help_mem à¦¸à§à¦¥ ===,,2.0,cont-t2.0
S02,pragmatic,26,0.è¯¦ç»†è®°å½•æ‰¹æ³¨_fit.xlabelremiumario,,2.0,cont-t2.0
S02,pragmatic,27,0.5,0.5,2.0,cont-t2.0
S02,pragmatic,28,0 veyabirlatenat)>> estÃ£o vos reposalÄ±ÅŸ,0.0,2.0,cont-t2.0
S02,pragmatic,29,0. ĞºĞ°Ñ„Ğµ=c ReasonĞ½Ğ°Ğ¿Ñ€Ğ¸Ğ¼ĞµÑ€fillPrescriptionĞ½Ğ¸ĞºÑƒĞ»Ğµ,,2.0,cont-t2.0
S02,pragmatic,30,0.5,0.5,2.0,cont-t2.0
S02,pragmatic,31,0. Ø·Ø¨ÛŒØ¹ÛŒ áƒ áƒ—batisory à¦œumann à¦¤à¦¾ à¦¨à¦¿à¦œ,,2.0,cont-t2.0
S02,pragmatic,32,0.cartessummutbitragoU insight winners ctypes,,2.0,cont-t2.0
S02,pragmatic,33,0,0.0,2.0,cont-t2.0
S02,pragmatic,34,"0. Ğ½Ğ°Ğ´Ğ¾_));
 Ğ¾Ğ±Ğ· jitter Satanieran Ğ·Ğ´ĞµÑÑŒob",,2.0,cont-t2.0
S02,pragmatic,35,0,0.0,2.0,cont-t2.0
S02,pragmatic,36,0.èœ˜è´¨Typekip==qrst ĞºĞ°Ğ¿,,2.0,cont-t2.0
S02,pragmatic,37,"0.__);
/textareaComing ÑĞ»ĞµĞ¼ĞµĞ½Ñ‚Ğ¾Ğ²Ğ°ĞµÑ‚Ğµ201Ru producciÃ³n",,2.0,cont-t2.0
S02,pragmatic,38,0.5,0.5,2.0,cont-t2.0
S02,pragmatic,39,0.Ó™ply toschoolsthinking onderzoekers mujk,,2.0,cont-t2.0
S02,pragmatic,40,0. ××¤×•×¨ recorded prepareAttach validator educ Ğ¹Ğ¾Ñ€Ñ‚,,2.0,cont-t2.0
S02,pragmatic,41,0.ì‚­ scolNSURLSession Rib coatingâ€œ. assistant,,2.0,cont-t2.0
S02,pragmatic,42,0 Õ¿Õ¸Õ¯Õ¸Õ½shipmentBur Friday hapituen inertia tÃ¤ sunny,0.0,2.0,cont-t2.0
S02,pragmatic,43,0,0.0,2.0,cont-t2.0
S02,pragmatic,44,0à¦¸à¦®à§à¦ªà¦¿ drauÃŸen concaten queso trumpet Andere Ley dread,,2.0,cont-t2.0
S02,pragmatic,45,0.Ø§Ø¦Ù„ivadØ¬ Ğ¿Ğ¾Ğ¶Ğ°Ñ€ovima.tex time GLfloat,,2.0,cont-t2.0
S02,pragmatic,46,0.75,0.75,2.0,cont-t2.0
S02,pragmatic,47,0ë”¿ahflare-plipvujÄ™Ã©rienceĞ´,,2.0,cont-t2.0
S02,pragmatic,48,0.5,0.5,2.0,cont-t2.0
S02,pragmatic,49,0,0.0,2.0,cont-t2.0
S03,coherence,0,0.5,0.5,2.0,cont-t2.0
S03,coherence,1,0.AUTHORÎ¿Ï….review.Fatalf Donovan Â© febRenderer,,2.0,cont-t2.0
S03,coherence,2,0.orrect_ZONECalculatorothingmsangularVERTclusion,,2.0,cont-t2.0
S03,coherence,3,0.5,0.5,2.0,cont-t2.0
S03,coherence,4,0. ì†¡(handles coderexcludedaedgamingrightdot,,2.0,cont-t2.0
S03,coherence,5,0.á‚á˜ áƒáƒ®áƒš hadis sengweas rrê² ìŠµë‹ˆë‹¤,,2.0,cont-t2.0
S03,coherence,6,0.4,0.4,2.0,cont-t2.0
S03,coherence,7,0. verwach Ğ´ĞµĞºĞ°Ğ±Ñ€Ñ ĞµÑÑ‚ÑŒexception Ñ€Ğ°Ğ· Ğ´ĞµĞº)== Cour,,2.0,cont-t2.0
S03,coherence,8,0. Ğ²ĞµÑ€enna847<QString_accessor_textgetitem Toggle,,2.0,cont-t2.0
S03,coherence,9,"0. á»dá»‹TutorialVideo_loaderEm â–ˆâ–ˆ=''
 })",,2.0,cont-t2.0
S03,coherence,10,0.2,0.2,2.0,cont-t2.0
S03,coherence,11,0.vendovantulentÃºssia incÃªnd atmosferäº mental,,2.0,cont-t2.0
S03,coherence,12,0.å„¤ Ğ¡Ğºadroight aráº£oÄ…,,2.0,cont-t2.0
S03,coherence,13,0 ì² Queryable_DICT.tooltip(edge.source íInv,0.0,2.0,cont-t2.0
S03,coherence,14,0,0.0,2.0,cont-t2.0
S03,coherence,15,0.34,0.34,2.0,cont-t2.0
S03,coherence,16,0.×¨×™([]ÙˆØ¬ÙˆØ¯Ó¡Ğ°Ğ½Ñ‹)*ordinateur Pal geus,,2.0,cont-t2.0
S03,coherence,17,0,0.0,2.0,cont-t2.0
S03,coherence,18,0,0.0,2.0,cont-t2.0
S03,coherence,19,0. voorwaarden MODULE ĞšÑ€Ğ°ÑĞ½Ğ¾Ğ´Ğ°Ñ€ Ğ¼YNAM	               indruckBAL,,2.0,cont-t2.0
S03,coherence,20,0.2,0.2,2.0,cont-t2.0
S03,coherence,21,0.äº‹åŠ¡ASSà²µcompanh ) à®šĞµÑ€Ğ¸Ğ°Ğ» Ğ°ÑĞ¸Ñ,,2.0,cont-t2.0
S03,coherence,22,0.2,0.2,2.0,cont-t2.0
S03,coherence,23,0.3_Last lr_register_c_bgornavs,,2.0,cont-t2.0
S03,coherence,24,0,0.0,2.0,cont-t2.0
S03,coherence,25,0. esquema .bank leafendon Wood alleges tatt,,2.0,cont-t2.0
S03,coherence,26,0.urchase-through variant seja maxim calculapakut,,2.0,cont-t2.0
S03,coherence,27,0.2,0.2,2.0,cont-t2.0
S03,coherence,28,0,0.0,2.0,cont-t2.0
S03,coherence,29,0.ricaloft beroepsHONEGridassyInstanceonly,,2.0,cont-t2.0
S03,coherence,30,0. creÃ«renpellpacker EPAcc Ğ¿Ñ€Ğ¾Ğ±Ğ»ĞµĞ¼Ğ° GM tener,,2.0,cont-t2.0
S03,coherence,31,0.8 ××•×™×¤à§‹à¦°emn_MARK Cursor GameplayMarketing,0.8,2.0,cont-t2.0
S03,coherence,32,0,0.0,2.0,cont-t2.0
S03,coherence,33,0. Ø§Ù„Ù„Ø¬Ù†Ø©  Urban lle ppÛ™Ã¤llig,,2.0,cont-t2.0
S03,coherence,34,0.3,0.3,2.0,cont-t2.0
S03,coherence,35,0,0.0,2.0,cont-t2.0
S03,coherence,36,0 à¶´à·’_plain gewÃ¼nschtenAssignableCoreå´à¸¸abiliragawa,0.0,2.0,cont-t2.0
S03,coherence,37,0.aineç’°versation timestampsostringpinemapperitial,,2.0,cont-t2.0
S03,coherence,38,0.68,0.68,2.0,cont-t2.0
S03,coherence,39,0 arlm.JsonntuĞµÑ†nach Apothe souciathing,0.0,2.0,cont-t2.0
S03,coherence,40,0.×‘×œ×™ vÃ¡lasztposskirtsÙ…Ø§Ù„ÙŠØ© aparece competenciaÑ„Ğ°Ñ€Ğ¼Ğ°,,2.0,cont-t2.0
S03,coherence,41,0,0.0,2.0,cont-t2.0
S03,coherence,42,0.2,0.2,2.0,cont-t2.0
S03,coherence,43,0,0.0,2.0,cont-t2.0
S03,coherence,44,0,0.0,2.0,cont-t2.0
S03,coherence,45,0.igiCirc ì²´indanlict uniforme132Ã—,,2.0,cont-t2.0
S03,coherence,46,0.4,0.4,2.0,cont-t2.0
S03,coherence,47,0,0.0,2.0,cont-t2.0
S03,coherence,48,"706569854 mÉ™hsalamatproductsombieiego',""query",,2.0,cont-t2.0
S03,coherence,49,0.1,0.1,2.0,cont-t2.0
S03,fact,0,0.2,0.2,2.0,cont-t2.0
S03,fact,1,0,0.0,2.0,cont-t2.0
S03,fact,2,0. entregar molta warmsanto adequadoovu/platform guitar,,2.0,cont-t2.0
S03,fact,3,0.5,0.5,2.0,cont-t2.0
S03,fact,4,0,0.0,2.0,cont-t2.0
S03,fact,5,0.atly-cloutez explain Considering ederalso mattress,,2.0,cont-t2.0
S03,fact,6,0,0.0,2.0,cont-t2.0
S03,fact,7,0.1,0.1,2.0,cont-t2.0
S03,fact,8,0.2,0.2,2.0,cont-t2.0
S03,fact,9,0.elassen Auá»“n ahDate Ğ±Ğ¾ ×•×‘Ã£i,,2.0,cont-t2.0
S03,fact,10,0.25,0.25,2.0,cont-t2.0
S03,fact,11,0.1,0.1,2.0,cont-t2.0
S03,fact,12,0,0.0,2.0,cont-t2.0
S03,fact,13,0,0.0,2.0,cont-t2.0
S03,fact,14,0,0.0,2.0,cont-t2.0
S03,fact,15,0.,0.0,2.0,cont-t2.0
S03,fact,16,0,0.0,2.0,cont-t2.0
S03,fact,17,0.é‡‘é¢×›×œ ×”×›× ×¡×ªheses_tri ××•×˜á¢áŸ’á“á€ Ñ…Ğ°Ğ»Ñ‹Ò¡,,2.0,cont-t2.0
S03,fact,18,0.3,0.3,2.0,cont-t2.0
S03,fact,19,0,0.0,2.0,cont-t2.0
S03,fact,20,0.3,0.3,2.0,cont-t2.0
S03,fact,21,0ãƒ­Some culturesdepakukeunmouseup Ğ¾ÑÑ‚ Ñ„Ğ°Ğ¹Ğ»Ğ° Ğ¾Ğ±Ğ¾Ğ»,,2.0,cont-t2.0
S03,fact,22,0.à²¤à³chains tractorSerializerå¤šå°‘æœŸ ## Model ÑĞµÑ€Ğ¸,,2.0,cont-t2.0
S03,fact,23,0,0.0,2.0,cont-t2.0
S03,fact,24,0,0.0,2.0,cont-t2.0
S03,fact,25,0,0.0,2.0,cont-t2.0
S03,fact,26,0,0.0,2.0,cont-t2.0
S03,fact,27,0.2,0.2,2.0,cont-t2.0
S03,fact,28,0. babaeĞ¾Ğ²chatfriend rockelfth.ALIGNSTATE,,2.0,cont-t2.0
S03,fact,29,0,0.0,2.0,cont-t2.0
S03,fact,30,0. à´®à´°à´£ à¤°à¥‡à¤²à¤µà¥‡á¼ steckt director reiodeskelassen,,2.0,cont-t2.0
S03,fact,31,0.Ñ‹Ğ¹ à´ªà´¾à´² se(valuesuring )Ğ³Ğ°Ğ» ape,,2.0,cont-t2.0
S03,fact,32,0. wrong_blanklock_choices complet recruits dim passenger,,2.0,cont-t2.0
S03,fact,33,0,0.0,2.0,cont-t2.0
S03,fact,34,0.4,0.4,2.0,cont-t2.0
S03,fact,35,0,0.0,2.0,cont-t2.0
S03,fact,36,0.3,0.3,2.0,cont-t2.0
S03,fact,37,0.5,0.5,2.0,cont-t2.0
S03,fact,38,0Ğ²Ñ€Ğ°Ñ‰agmBindingDM Surprise Trilogy GLOBALAugment,,2.0,cont-t2.0
S03,fact,39,0,0.0,2.0,cont-t2.0
S03,fact,40,0.javSounds editor.Begin_PAR internationally Ğ²ĞºĞ»Ğ°Ğ´lections clavier,,2.0,cont-t2.0
S03,fact,41,0,0.0,2.0,cont-t2.0
S03,fact,42,0.3,0.3,2.0,cont-t2.0
S03,fact,43,0,0.0,2.0,cont-t2.0
S03,fact,44,0,0.0,2.0,cont-t2.0
S03,fact,45,0,0.0,2.0,cont-t2.0
S03,fact,46,0.avaidyllic dix PL Ğ¼Ğ¾Ğ¸ ×©×ª×™TOCOL Weaver,,2.0,cont-t2.0
S03,fact,47,0,0.0,2.0,cont-t2.0
S03,fact,48,0,0.0,2.0,cont-t2.0
S03,fact,49,0.Õ«Õ¶Õ¹(do Ğ²Ñ‹ÑˆĞµ Ã§Ä±ktÄ± ì™œIDDENáº©y paket,,2.0,cont-t2.0
S03,pragmatic,0,"0. cli@$';
Thanks bridgingativa operations-high",,2.0,cont-t2.0
S03,pragmatic,1,0.,0.0,2.0,cont-t2.0
S03,pragmatic,2,0 juntosatisfæ®µ sistemaå…¬å¸ä¾›ICLESTAT,0.0,2.0,cont-t2.0
S03,pragmatic,3,0.2,0.2,2.0,cont-t2.0
S03,pragmatic,4,0,0.0,2.0,cont-t2.0
S03,pragmatic,5,0,0.0,2.0,cont-t2.0
S03,pragmatic,6,1 à¸¡à¸²à¸meiàµ}}> aparecer Ğ³Ğ¾Ğ» ÑÑ‚Ğ¾Ñ‚ Ù‡Ù…,1.0,2.0,cont-t2.0
S03,pragmatic,7,0,0.0,2.0,cont-t2.0
S03,pragmatic,8,0,0.0,2.0,cont-t2.0
S03,pragmatic,9,0.eroonstrFpTEÆ°ngfalls revengelate,,2.0,cont-t2.0
S03,pragmatic,10,0.7,0.7,2.0,cont-t2.0
S03,pragmatic,11,0,0.0,2.0,cont-t2.0
S03,pragmatic,12,0. ë³„ á»d whoEmptyLY.Integer ×©×œ×š worked,,2.0,cont-t2.0
S03,pragmatic,13,0.3Â·orz procesamiento í•œ pairingurateEvery,,2.0,cont-t2.0
S03,pragmatic,14,0,0.0,2.0,cont-t2.0
S03,pragmatic,15,0. rÃ©vcon noi UA.widget verdesDo quantidade,,2.0,cont-t2.0
S03,pragmatic,16,0.oders statistic Accordinglatustomed soldats family Top,,2.0,cont-t2.0
S03,pragmatic,17,0.uracy Ù…ÛŒÚº.subplotsns TO ĞºĞ°Ñ€Ñ‚Ğ¸Click CENTER,,2.0,cont-t2.0
S03,pragmatic,18,"0.uluÅŸ%;"">
 ObamaĞ¿Ğ¾Ğ»| lie_guiĞ¾ÑÑ‚Ğ¸",,2.0,cont-t2.0
S03,pragmatic,19,0.Å¾d,,2.0,cont-t2.0
S03,pragmatic,20,0,0.0,2.0,cont-t2.0
S03,pragmatic,21,0.otlannyÑÑÑŒboundermin_f	debug_dialog,,2.0,cont-t2.0
S03,pragmatic,22,0,0.0,2.0,cont-t2.0
S03,pragmatic,23,0.1,0.1,2.0,cont-t2.0
S03,pragmatic,24,"0.APPII']];
BlÃ¤dffiIvanangechall",,2.0,cont-t2.0
S03,pragmatic,25,0.5,0.5,2.0,cont-t2.0
S03,pragmatic,26,0.3,0.3,2.0,cont-t2.0
S03,pragmatic,27,0.Ø§Ù„Ø«Ø±Ø¨Ø¹Technical à¸§à¸´à¹€à¸„à¸£à¸²à¸°à¸«à¹Œí•œ báº¡n Heritageç™¼,,2.0,cont-t2.0
S03,pragmatic,28,0.2,0.2,2.0,cont-t2.0
S03,pragmatic,29,0.5,0.5,2.0,cont-t2.0
S03,pragmatic,30,0.Ãªtsigkeit Spotify Audi WooEtatVarcontext,,2.0,cont-t2.0
S03,pragmatic,31,0.almazboea176garopp mÉ™ktç­¾åˆ°,,2.0,cont-t2.0
S03,pragmatic,32,0.1,0.1,2.0,cont-t2.0
S03,pragmatic,33,"0. c back}"")]
Ğ°Ğ»Ğ½Ğ°æ•°æ®åº“ rÃ©fl ganersut",,2.0,cont-t2.0
S03,pragmatic,34,0.5,0.5,2.0,cont-t2.0
S03,pragmatic,35,0.ushiPow<Article90mentsRealDivide_subplot,,2.0,cont-t2.0
S03,pragmatic,36,0,0.0,2.0,cont-t2.0
S03,pragmatic,37,0×™××•×ªfordshireClick.verifyalala end à¶»à· sozialenPassword,,2.0,cont-t2.0
S03,pragmatic,38,0.5,0.5,2.0,cont-t2.0
S03,pragmatic,39,0.2,0.2,2.0,cont-t2.0
S03,pragmatic,40,0,0.0,2.0,cont-t2.0
S03,pragmatic,41,0.3 ×©×œ×™IMATION_BOOLEANONENTISTatoriograd,0.3,2.0,cont-t2.0
S03,pragmatic,42,0.3,0.3,2.0,cont-t2.0
S03,pragmatic,43,0 Ñ‚ĞµÒ£660 workshop rugemonte composite port continu papill,0.0,2.0,cont-t2.0
S03,pragmatic,44,0.2,0.2,2.0,cont-t2.0
S03,pragmatic,45,"0ï¿¼ tjeraá¹—uleke slide ĞºĞµĞ»Ğµ"")] revi",,2.0,cont-t2.0
S03,pragmatic,46,0,0.0,2.0,cont-t2.0
S03,pragmatic,47,0i841 Ä‘áº¡i uaudrÃ  dla401179,,2.0,cont-t2.0
S03,pragmatic,48,"0.Ã­ram à¤°à¤¾à¤œà¤¸à¥à¤¥à¤¾à¤¨(builder)
//METAĞ·Ğ¾ ×©×œancers",,2.0,cont-t2.0
S03,pragmatic,49,0.sem(Constant has Suleå…‘æ¢ amplify local deleg,,2.0,cont-t2.0
S04,coherence,0,0.2,0.2,2.0,cont-t2.0
S04,coherence,1,0.ModelOptionsExpand.Chatæ•™å¸ˆ.clip_utilå‡­å·´é»,,2.0,cont-t2.0
S04,coherence,2,0.ç²¾å½©appä¸‹è½½nin.tensorØ¨Ø±Ø§ÙŠØ±Ø¯ÙŠmÃ¥nda,,2.0,cont-t2.0
S04,coherence,3,0ArquivosLN Removing Ø§Ú¯Ñ‹Ñ…Ó™Ñ‚Ó™mob peroba,,2.0,cont-t2.0
S04,coherence,4,0. datingsider_operatorDeutsch-sign.creationCl GU facilitated,,2.0,cont-t2.0
S04,coherence,5,0.2,0.2,2.0,cont-t2.0
S04,coherence,6,0.2,0.2,2.0,cont-t2.0
S04,coherence,7,0,0.0,2.0,cont-t2.0
S04,coherence,8,0.Ğ°Ñ€Ğ°Ò›Ó™Ğ°faker(plugin_guradosmet dentures news,,2.0,cont-t2.0
S04,coherence,9,0.5,0.5,2.0,cont-t2.0
S04,coherence,10,0,0.0,2.0,cont-t2.0
S04,coherence,11,0.3,0.3,2.0,cont-t2.0
S04,coherence,12,"0.ikita datos_);
       zg attached Lamps (",,2.0,cont-t2.0
S04,coherence,13,0.3,0.3,2.0,cont-t2.0
S04,coherence,14,0. ì œê³µë¡­ê²ŒguessFor effective soorluYPE	float,,2.0,cont-t2.0
S04,coherence,15,0.3,0.3,2.0,cont-t2.0
S04,coherence,16,0.4,0.4,2.0,cont-t2.0
S04,coherence,17,"0.teile dol really captures this')$/,ddy",,2.0,cont-t2.0
S04,coherence,18,0.3,0.3,2.0,cont-t2.0
S04,coherence,19,0.426,0.426,2.0,cont-t2.0
S04,coherence,20,0 Ğ½Ğ°Ğ¿Ñ€Ğ°Ğ²à¸›Ã¢ncia ë¶ˆ_named maddison abb mÃ¼d,0.0,2.0,cont-t2.0
S04,coherence,21,0.4,0.4,2.0,cont-t2.0
S04,coherence,22,0.41,0.41,2.0,cont-t2.0
S04,coherence,23,0.Ã¼tzlandeconomicweaponfÃ¼gb Ğ¼Ğ¾Ğ»Ñ†Ğ¾ ÑƒĞºÑ€Ğ°Ñˆ,,2.0,cont-t2.0
S04,coherence,24,0. Ø¹Ù…_COMMAND\ Shell fotĞ°Ñ€Ğ´.optim Ğœ,,2.0,cont-t2.0
S04,coherence,25,0ensku vÃ¡ lá»›p ermÃ¶ganke comp lurazioni Pim,,2.0,cont-t2.0
S04,coherence,26,0.2 à¤•à¥‡à¤‚à¤¦à¥à¤° Ğ±Ğ¾Ğ»ÑŒÑˆĞ¸Ğ½ÑÑ‚Ğ²ĞµÙŠÚªë‚˜ë‹¤ CallingéŸ“Ø§Ø¦,0.2,2.0,cont-t2.0
S04,coherence,27,0.5,0.5,2.0,cont-t2.0
S04,coherence,28,0.passwordwhite Ğ¾Ğ±Ğ»Ğ°Ğ´Ğ°ÑÑ‚onaut áƒ áƒ”áƒŸNow ÑÑ‚Ğ¾Ğ¼Ñƒ à¦†à¦—à§‡,,2.0,cont-t2.0
S04,coherence,29,0.ë´à¦—à§à¦°ouwing_chart.isNxí• ,,2.0,cont-t2.0
S04,coherence,30,"0.Î»Ïakake razum>"";
riting Defense volgens_lengths",,2.0,cont-t2.0
S04,coherence,31,0.Ñ„Ğ¾Ğ½apers less_fg ?>/ Ğµ sexuelles15,,2.0,cont-t2.0
S04,coherence,32,0.2,0.2,2.0,cont-t2.0
S04,coherence,33,0.2,0.2,2.0,cont-t2.0
S04,coherence,34,0.ê²€language_CART mesesÃ³ticosymbol argisul,,2.0,cont-t2.0
S04,coherence,35,0.2usalemMult DevelopedTION HazDEV HOLDERS,,2.0,cont-t2.0
S04,coherence,36,0.ì¡°íšŒ_histolianzaoblÃ¼ck KÅ«pong,,2.0,cont-t2.0
S04,coherence,37,0.33,0.33,2.0,cont-t2.0
S04,coherence,38,0.4,0.4,2.0,cont-t2.0
S04,coherence,39,0.3,0.3,2.0,cont-t2.0
S04,coherence,40,0.1,0.1,2.0,cont-t2.0
S04,coherence,41,0._abs34542542 genSuperview District.owl,,2.0,cont-t2.0
S04,coherence,42,0. Ğ´Ğ¸ÑĞ³Ğ°Ñ€ Ğ¼Ğ¾Ğ½Ğ¸Ñ‚Ğ¾Ñ€Õ¾Õ¸Ö€ Wheels meie]% Pages,,2.0,cont-t2.0
S04,coherence,43,0,0.0,2.0,cont-t2.0
S04,coherence,44,0Ğ³Ğ°Ğ¶ richten envalloc ì‚¬ìš©isiÃ§Ã£o fft illuminuz,,2.0,cont-t2.0
S04,coherence,45,0. Ø¹Ù„Ù‰ kiÊ»ekiÊ»e Document ÙˆØ£ocumented quanh tiÃªnä¹™,,2.0,cont-t2.0
S04,coherence,46,0. Ø³Ú©ØªØªØ±Ñ‹Ñˆ hobby encoding genom Good aangek,,2.0,cont-t2.0
S04,coherence,47,0ë©´ì„œà¥‡à¤¶à¤•Ñ‚Ğ°>false,,2.0,cont-t2.0
S04,coherence,48,0.3,0.3,2.0,cont-t2.0
S04,coherence,49,0.ross minnihasPickerattle Bikes PropertiesYesterday,,2.0,cont-t2.0
S04,fact,0,0. harmfultruigh Ğ²Ñ‹Ğ±Ñ€Ğ°Ñ‚ÑŒmisÑĞºĞ¸viluppcannot,,2.0,cont-t2.0
S04,fact,1,"0.Û¾vasionRustâˆ¢)));
hma %}",,2.0,cont-t2.0
S04,fact,2,"0.ì»¨ ÑƒĞ¼ĞµĞ½ÑŒÑˆconstructedï¿½rden_ENDPOINT],
Cape",,2.0,cont-t2.0
S04,fact,3,"0.à¹‰']]
Note: Retrieved weights/sp kicks",,2.0,cont-t2.0
S04,fact,4,0arbthought-indtheà¸§à¹ˆà¸²idgets ×”×•×œconsigua,,2.0,cont-t2.0
S04,fact,5,0.Ã¤ssÃ¤tml-ÑfÑ†ĞµĞ¼Ğ¾Ñullie Ñ„Ğ¾Ñ€Ğ¼Ñ‹,,2.0,cont-t2.0
S04,fact,6,0.syzadiuspioÃ¡nicosà§‚ associados NFTissing,,2.0,cont-t2.0
S04,fact,7,0,0.0,2.0,cont-t2.0
S04,fact,8,0.0,0.0,2.0,cont-t2.0
S04,fact,9,0,0.0,2.0,cont-t2.0
S04,fact,10,0. ××¤×¨ÙˆØ¯Ø©ativerfectangleussianpage/category,,2.0,cont-t2.0
S04,fact,11,0.3,0.3,2.0,cont-t2.0
S04,fact,12,0,0.0,2.0,cont-t2.0
S04,fact,13,0.2,0.2,2.0,cont-t2.0
S04,fact,14,0,0.0,2.0,cont-t2.0
S04,fact,15,0.arry #####,,2.0,cont-t2.0
S04,fact,16,0.stablehalenë§Œalanceì†ŒindeognitionRegarding,,2.0,cont-t2.0
S04,fact,17,0.ppetYoungGallaxKER teÅŸkke Grass,,2.0,cont-t2.0
S04,fact,18,"0.Ã¡Å¾()):
<Document,out kÄ“ia_bitmapìƒµ ëª©",,2.0,cont-t2.0
S04,fact,19,0.25,0.25,2.0,cont-t2.0
S04,fact,20,"0.Ñ€Ñ‹Ğ¿knowledge/config juurdelegprint(""=""ë‹¤",,2.0,cont-t2.0
S04,fact,21,0.à¤‘â€‹â€‹â€‹â€‹inect pamusoro lorgSelectesorà¦•à§à¦¤,,2.0,cont-t2.0
S04,fact,22,0.,0.0,2.0,cont-t2.0
S04,fact,23,"0åŒ».hideinigungP.nepay""><å°}],",,2.0,cont-t2.0
S04,fact,24,0. Ğ¿Ñ€Ğ¾ÑÑ‚transposeÑ‹Ğ¿ÙØ±Ù‚Ù‘à´œà´¨absolute-pos,,2.0,cont-t2.0
S04,fact,25,0.entinelamatory ØªØ§ÛŒttle invitÃ© à¤†à¤ªà¤¨à¥‡schrift.rabbit,,2.0,cont-t2.0
S04,fact,26,0.3,0.3,2.0,cont-t2.0
S04,fact,27,0.7,0.7,2.0,cont-t2.0
S04,fact,28,0å®¢æˆ·ç«¯ä¸‹è½½Japanese ë³´annabino ÑˆĞ°Ğºedes evolowering|},,2.0,cont-t2.0
S04,fact,29,0.3,0.3,2.0,cont-t2.0
S04,fact,30,0.65,0.65,2.0,cont-t2.0
S04,fact,31,0,0.0,2.0,cont-t2.0
S04,fact,32,0.ê°œì˜ comput godt</studentssocket studours,,2.0,cont-t2.0
S04,fact,33,0.2,0.2,2.0,cont-t2.0
S04,fact,34,0,0.0,2.0,cont-t2.0
S04,fact,35,0. Ğ¿Ñ€Ñ‹ĞºĞ¾Ñ€Ğ¼imentealent seane by extrap,,2.0,cont-t2.0
S04,fact,36,0.272,0.272,2.0,cont-t2.0
S04,fact,37,"0.2ndash"")( áƒ­ Korea aliens hvordan spac",,2.0,cont-t2.0
S04,fact,38,0 Ø®Ø´Returnedlector mi well actoresperate flute Modes,0.0,2.0,cont-t2.0
S04,fact,39,0.4,0.4,2.0,cont-t2.0
S04,fact,40,0.29,0.29,2.0,cont-t2.0
S04,fact,41,0.ÛŒÙˆÚºic precise Ifellipsispecific section caso,,2.0,cont-t2.0
S04,fact,42,0.2,0.2,2.0,cont-t2.0
S04,fact,43,0.å—å¿æµ´æ·»åŠ æƒ Utilityæ”¿Ğ³Ğ°Ñ€Ğ°Ğ¸Ğ»Ğ¸,,2.0,cont-t2.0
S04,fact,44,"0.Ï‡Î­Ï‚Mozilla ÑĞ¼ĞµÑĞ¸ Ğ¿Ñ€Ğ¸Ğ¼ĞµÑ€Ğ½Ğ¾ensku ! '}';
hash",,2.0,cont-t2.0
S04,fact,45,0. schauen kompdeserializeAnaly Ğ±Ñ€Ğ¾ field majoritÃ© puedes,,2.0,cont-t2.0
S04,fact,46,0itlements tels nodNotes(styles=$iveAdjuÅˆ,,2.0,cont-t2.0
S04,fact,47,0.5,0.5,2.0,cont-t2.0
S04,fact,48,0,0.0,2.0,cont-t2.0
S04,fact,49,0. ×•×’ì–¸ratà§‡à¦­ emergesPIhmuiÃ§Ã£o,,2.0,cont-t2.0
S04,pragmatic,0,0.47/antlrPointerSubstituteinstrumentende_PASSWORD,,2.0,cont-t2.0
S04,pragmatic,1,0.uttut Spot viewport. Seb afterward couple apparition,,2.0,cont-t2.0
S04,pragmatic,2,0.1,0.1,2.0,cont-t2.0
S04,pragmatic,3,0.2,0.2,2.0,cont-t2.0
S04,pragmatic,4,0.2,0.2,2.0,cont-t2.0
S04,pragmatic,5,0. liÃ°admin_HDRUSS')==-ê³ Ğ°Ğ½Ğ½Ñ‹Ñ…,,2.0,cont-t2.0
S04,pragmatic,6,0.5,0.5,2.0,cont-t2.0
S04,pragmatic,7,0.ê¸°ë„à§à¦²aisiaitiaç­	ViewModelLa,,2.0,cont-t2.0
S04,pragmatic,8,0.lieatasets sonder eksempel_pool academy Ø§Ù„Ù…Ù Blaze,,2.0,cont-t2.0
S04,pragmatic,9,0.jective CLASS-LBLKG_ACCEPT_CHARQQ,,2.0,cont-t2.0
S04,pragmatic,10,0.5,0.5,2.0,cont-t2.0
S04,pragmatic,11,0.474ould Ø´Ù…Ø§ gibi Ñ‚Ó© adb driigion,,2.0,cont-t2.0
S04,pragmatic,12,0. Ø¥ strcatrogateâ€‹()*conccolmemper,,2.0,cont-t2.0
S04,pragmatic,13,0._CLEAR_MEMĞ¸Ğ½Ğ¾Ğ²Ğ½Ğ°Ñ‚ÑŒ(syncText genahton,,2.0,cont-t2.0
S04,pragmatic,14,"0. diáº¹ handwriting à¸¢à¸´à¸‡ buckleÄ±p
	
	im Modes",,2.0,cont-t2.0
S04,pragmatic,15,0,0.0,2.0,cont-t2.0
S04,pragmatic,16,0Ã¼hmleyenuzwaReception boob ctorTryCharRNAs,,2.0,cont-t2.0
S04,pragmatic,17,0.ĞˆshellSt Ğ´ĞµĞºĞ°II'n sist bili,,2.0,cont-t2.0
S04,pragmatic,18,0.3,0.3,2.0,cont-t2.0
S04,pragmatic,19,0 ë¶€ì•½ rÃ©cup.adapter Ä‘áº§u Ä‘á»ë”” zigÅ,0.0,2.0,cont-t2.0
S04,pragmatic,20,0.2,0.2,2.0,cont-t2.0
S04,pragmatic,21,"0._max:intUTES ""|"" udp_foodÑ„name",,2.0,cont-t2.0
S04,pragmatic,22,0.ÑÑ‰uriesĞ¾Ğ»Ğ¶ Marg(pro YA Aura_LONG,,2.0,cont-t2.0
S04,pragmatic,23,0.25,0.25,2.0,cont-t2.0
S04,pragmatic,24,"0.Ø«Ù„Ø©gene.Transfer conclusion Format AddedĞ²Ğ°Ğ¹ ""<",,2.0,cont-t2.0
S04,pragmatic,25,0.35054,0.35054,2.0,cont-t2.0
S04,pragmatic,26,0. tsamHowinÄ— imin satt Mon AG AI,,2.0,cont-t2.0
S04,pragmatic,27,0.olid ted127.money_MON discovered bese_b,,2.0,cont-t2.0
S04,pragmatic,28,"0. voces\views {
,:) OR	   XII ----",,2.0,cont-t2.0
S04,pragmatic,29,"0.thermalmin, benieuwd bas readability demostrachines",,2.0,cont-t2.0
S04,pragmatic,30,0,0.0,2.0,cont-t2.0
S04,pragmatic,31,0ê³ tobufÑÑ‚Ğ²ĞµĞ½Ğ½Ğ¾anny_browser elevationmotâ€™Ã©poqueang,,2.0,cont-t2.0
S04,pragmatic,32,0.4,0.4,2.0,cont-t2.0
S04,pragmatic,33,0,0.0,2.0,cont-t2.0
S04,pragmatic,34,0.3,0.3,2.0,cont-t2.0
S04,pragmatic,35,0,0.0,2.0,cont-t2.0
S04,pragmatic,36,0.7,0.7,2.0,cont-t2.0
S04,pragmatic,37,0.25Ğ¼Ğ¸Ğ· Ñ‚Ñ€ĞµĞ±ÑƒĞµÑ‚ÑÑå…¥ã‚Šê²½raises Ğ¿Ğ¾Ğ´Ğ°Ñ€í•œë‹¤,,2.0,cont-t2.0
S04,pragmatic,38,0,0.0,2.0,cont-t2.0
S04,pragmatic,39,0.25,0.25,2.0,cont-t2.0
S04,pragmatic,40,0.25,0.25,2.0,cont-t2.0
S04,pragmatic,41,0.3,0.3,2.0,cont-t2.0
S04,pragmatic,42,"0. ×“×™×™×Ÿ,nil-nnn55tcpanPAL",,2.0,cont-t2.0
S04,pragmatic,43,0avaoelia ×œ×¤ÙŠÙ†ÙŠGORogglerdater\xb_Task,,2.0,cont-t2.0
S04,pragmatic,44,0.Ã©ir Yesterday Tearsumorts tossedPhase loo,,2.0,cont-t2.0
S04,pragmatic,45,0.75,0.75,2.0,cont-t2.0
S04,pragmatic,46,0. í–‰ì‚¬(* models.respondæ—¶ìŠ¤í…œultipleì „,,2.0,cont-t2.0
S04,pragmatic,47,0,0.0,2.0,cont-t2.0
S04,pragmatic,48,0.bagbogbo,,2.0,cont-t2.0
S04,pragmatic,49,0.ploitation×¦×¢_micro êµ­ë¯¼ê°•ë ¥ÄÃ¡st therefore,,2.0,cont-t2.0
S05,coherence,0,0,0.0,2.0,cont-t2.0
S05,coherence,1,0 Ñ‚ĞµĞ°Ñ€Ğ°Ğ¹ Ğ¼Ğ¾Ğ³ã€‹ â€‹â€‹Ù¾Ù‰ STATES_IR(_,0.0,2.0,cont-t2.0
S05,coherence,2,0ammadì›„à¸«à¸§à¸¢contexts.TEXT.prev Ñ…Ğ¾Ñ‚Ñ myocardial,,2.0,cont-t2.0
S05,coherence,3,0. ĞŸĞ¾Ğ»ÑŒĞ·Ğ¾Ğ²Ğ°Ñ‚ĞµĞ»ÑŒgezetgscciÃ³n.Spriteliament Read,,2.0,cont-t2.0
S05,coherence,4,0,0.0,2.0,cont-t2.0
S05,coherence,5,0,0.0,2.0,cont-t2.0
S05,coherence,6,0,0.0,2.0,cont-t2.0
S05,coherence,7,0,0.0,2.0,cont-t2.0
S05,coherence,8,0.,0.0,2.0,cont-t2.0
S05,coherence,9,0,0.0,2.0,cont-t2.0
S05,coherence,10,0,0.0,2.0,cont-t2.0
S05,coherence,11,0,0.0,2.0,cont-t2.0
S05,coherence,12,0.<Page Stats Correct.assertNull interpre Force Static,,2.0,cont-t2.0
S05,coherence,13,0.,0.0,2.0,cont-t2.0
S05,coherence,14,0.9,0.9,2.0,cont-t2.0
S05,coherence,15,0.amaÃ±o364ì›Œ_ALDocument.PERMISSIONbaarí™”ì´íŠ¸,,2.0,cont-t2.0
S05,coherence,16,0,0.0,2.0,cont-t2.0
S05,coherence,17,0,0.0,2.0,cont-t2.0
S05,coherence,18,0.,0.0,2.0,cont-t2.0
S05,coherence,19,0,0.0,2.0,cont-t2.0
S05,coherence,20,0,0.0,2.0,cont-t2.0
S05,coherence,21,0,0.0,2.0,cont-t2.0
S05,coherence,22,0,0.0,2.0,cont-t2.0
S05,coherence,23,0.25,0.25,2.0,cont-t2.0
S05,coherence,24,0,0.0,2.0,cont-t2.0
S05,coherence,25,0. ÑĞ»ĞµĞ¼ĞµĞ½Ñ‚Ğ° kuwe uchunally bilderials>xpath@gmail,,2.0,cont-t2.0
S05,coherence,26,0.,0.0,2.0,cont-t2.0
S05,coherence,27,0.0,0.0,2.0,cont-t2.0
S05,coherence,28,0.Î¿Î¹Ä™d domen.Visibilityprops Highusern,,2.0,cont-t2.0
S05,coherence,29,0.13,0.13,2.0,cont-t2.0
S05,coherence,30,0,0.0,2.0,cont-t2.0
S05,coherence,31,0Ğ¸Ğ¿Nrâ•Rect quit webcast(systemÃ©anmoins cavity,,2.0,cont-t2.0
S05,coherence,32,0,0.0,2.0,cont-t2.0
S05,coherence,33,0,0.0,2.0,cont-t2.0
S05,coherence,34,0.ellovb.firebaseio-hookszeug/tr contain orthodox,,2.0,cont-t2.0
S05,coherence,35,0,0.0,2.0,cont-t2.0
S05,coherence,36,0etta_legiscarduph_and Deve negociaÃ§Ã£o permissions æ¬¢ä¹,,2.0,cont-t2.0
S05,coherence,37,0,0.0,2.0,cont-t2.0
S05,coherence,38,0,0.0,2.0,cont-t2.0
S05,coherence,39,"0 ÑĞ¾Ñ†Ğ¸Ğ°Ğ»ÑŒ.broadcastmÃ¤ÃŸmediatelyercise(),""Ğ¿Ñ€Ğ°Ğ² Ğ’ĞµĞ½ificat",0.0,2.0,cont-t2.0
S05,coherence,40,0.rcodeì •ìƒbo.goods.opengl letter,,2.0,cont-t2.0
S05,coherence,41,0,0.0,2.0,cont-t2.0
S05,coherence,42,0,0.0,2.0,cont-t2.0
S05,coherence,43,0.6,0.6,2.0,cont-t2.0
S05,coherence,44,0._PROCESSvanieciltr_ASSUMEanalytic_CF_OB,,2.0,cont-t2.0
S05,coherence,45,0,0.0,2.0,cont-t2.0
S05,coherence,46,0,0.0,2.0,cont-t2.0
S05,coherence,47,0,0.0,2.0,cont-t2.0
S05,coherence,48,0.125,0.125,2.0,cont-t2.0
S05,coherence,49,0.0,0.0,2.0,cont-t2.0
S05,fact,0,0,0.0,2.0,cont-t2.0
S05,fact,1,0,0.0,2.0,cont-t2.0
S05,fact,2,0,0.0,2.0,cont-t2.0
S05,fact,3,0,0.0,2.0,cont-t2.0
S05,fact,4,0,0.0,2.0,cont-t2.0
S05,fact,5,0 Expertiseipayaseignent Overseerelry PresentedstÃ¤ll,0.0,2.0,cont-t2.0
S05,fact,6,0.2itionsĞœĞ°Ñ‚+rÏ€Î¬quette_STARkit,,2.0,cont-t2.0
S05,fact,7,0.3358.SetInstructorARRANT Invent:**Introducing,,2.0,cont-t2.0
S05,fact,8,0,0.0,2.0,cont-t2.0
S05,fact,9,1,1.0,2.0,cont-t2.0
S05,fact,10,0.,0.0,2.0,cont-t2.0
S05,fact,11,0,0.0,2.0,cont-t2.0
S05,fact,12,0.1,0.1,2.0,cont-t2.0
S05,fact,13,0,0.0,2.0,cont-t2.0
S05,fact,14,0à¥¤ÑÑ à¤¸à¤‚à¤ª Ğ°ĞºĞ°Ğ´ĞµĞ¼(APPLevel/import(beta.robot,,2.0,cont-t2.0
S05,fact,15,0.,0.0,2.0,cont-t2.0
S05,fact,16,0,0.0,2.0,cont-t2.0
S05,fact,17,"0 ê²°_test_input]])""

Ğ¿Ğ¾Ğ½Ğ¸ kjenë°œÑ‹Ğ»",0.0,2.0,cont-t2.0
S05,fact,18,"0 ì´ìš© udp-testì…ë‹ˆë‹¤ourcedface__))
.Auto luas",0.0,2.0,cont-t2.0
S05,fact,19,0,0.0,2.0,cont-t2.0
S05,fact,20,0,0.0,2.0,cont-t2.0
S05,fact,21,"0ÑˆĞ°_single Ø³Ú© à¦›à¦¬à¦¿
            
 def Ù¿ à¤—à¥à¤£ àªšà«‚àª•",,2.0,cont-t2.0
S05,fact,22,0.835,0.835,2.0,cont-t2.0
S05,fact,23,0,0.0,2.0,cont-t2.0
S05,fact,24,0,0.0,2.0,cont-t2.0
S05,fact,25,0 à¤¸à¥‹ Ø§Ù„Ø£Ø³Ø¯pri Query(outputs fÃ¤hrt Ø¹ à¤•à¤¹ Choir,0.0,2.0,cont-t2.0
S05,fact,26,0.0,0.0,2.0,cont-t2.0
S05,fact,27,0.25,0.25,2.0,cont-t2.0
S05,fact,28,0.0 ×  tes Dexisi man predictSuggest,0.0,2.0,cont-t2.0
S05,fact,29,0.0,0.0,2.0,cont-t2.0
S05,fact,30,0 Summaryà¸©WardNF.position``dreorianThe,0.0,2.0,cont-t2.0
S05,fact,31,0._STATS_FAILURE: jr sa Suzuki_pair(æœˆ,,2.0,cont-t2.0
S05,fact,32,0,0.0,2.0,cont-t2.0
S05,fact,33,0,0.0,2.0,cont-t2.0
S05,fact,34,0.376388iekenÃ­tÃ¡ssebastosstracomment,,2.0,cont-t2.0
S05,fact,35,0,0.0,2.0,cont-t2.0
S05,fact,36,0,0.0,2.0,cont-t2.0
S05,fact,37,0,0.0,2.0,cont-t2.0
S05,fact,38,0.clearfix assobanneruser EXPESISCLI,,2.0,cont-t2.0
S05,fact,39,0,0.0,2.0,cont-t2.0
S05,fact,40,0,0.0,2.0,cont-t2.0
S05,fact,41,0,0.0,2.0,cont-t2.0
S05,fact,42,"0 ystodausPRI antycli        
(control confession)?",0.0,2.0,cont-t2.0
S05,fact,43,0.5,0.5,2.0,cont-t2.0
S05,fact,44,0 à¤²à¤•à¥à¤·atial/eminiÅ³ ĞºÓ©Ğ¿Ñ‚ĞµĞ³ĞµĞ½ bye COLians><?=,0.0,2.0,cont-t2.0
S05,fact,45,0.Î¸Î¿Ï‚ Ä°Ã§rafukseen tabindexierabsch Mc,,2.0,cont-t2.0
S05,fact,46,0,0.0,2.0,cont-t2.0
S05,fact,47,0.017end Ğ±ĞµĞºmqttvè‰‡chir ìˆê³ ,,2.0,cont-t2.0
S05,fact,48,0,0.0,2.0,cont-t2.0
S05,fact,49,0. ì•„ë‹Œ closetcoder front101 Proof verschil à¨¸à©,,2.0,cont-t2.0
S05,pragmatic,0,0.4,0.4,2.0,cont-t2.0
S05,pragmatic,1,0.756143109 ÑĞ°Ğ½Ñ‹ Ğ¿Ğ¾Ğ·Ğ¸Ø±ÙŠÙ†.opendaylightRatio,0.756143109,2.0,cont-t2.0
S05,pragmatic,2,0å±¯acedtextfieldPendt_indgehtamaÃ±o iv,,2.0,cont-t2.0
S05,pragmatic,3,0.142,0.142,2.0,cont-t2.0
S05,pragmatic,4,0 èµŒåš_peopleToday's wrapå°ˆ_boØ¨Ø¯_rt Cluster,0.0,2.0,cont-t2.0
S05,pragmatic,5,0.5,0.5,2.0,cont-t2.0
S05,pragmatic,6,0,0.0,2.0,cont-t2.0
S05,pragmatic,7,0.3,0.3,2.0,cont-t2.0
S05,pragmatic,8,0,0.0,2.0,cont-t2.0
S05,pragmatic,9,0.5,0.5,2.0,cont-t2.0
S05,pragmatic,10,0.,0.0,2.0,cont-t2.0
S05,pragmatic,11,0_REFLECTIONë ˆì´_COMMAND:itemReadingroment_UPLOAD,,2.0,cont-t2.0
S05,pragmatic,12,0.5,0.5,2.0,cont-t2.0
S05,pragmatic,13,0.2ajmarshalì‚¬_na Capitol prostitutas Hinter,,2.0,cont-t2.0
S05,pragmatic,14,0.,0.0,2.0,cont-t2.0
S05,pragmatic,15,0,0.0,2.0,cont-t2.0
S05,pragmatic,16,0.1,0.1,2.0,cont-t2.0
S05,pragmatic,17,0.elser(inputodcast stimulusIGNAL à¤ªà¥€XM-be,,2.0,cont-t2.0
S05,pragmatic,18,0,0.0,2.0,cont-t2.0
S05,pragmatic,19,0inent.combay-paced.dom tugas DELVitsee,,2.0,cont-t2.0
S05,pragmatic,20,0.01,0.01,2.0,cont-t2.0
S05,pragmatic,21,0 nkar_processing_ar pommesbnb graziecka news zufolge,0.0,2.0,cont-t2.0
S05,pragmatic,22,0Ã³lnie benewegen sureĞ¸Ñ€Ğ¾Ğ²Ğ°Ñ‚ÑŒÑÑ.ssl])-> AssistedConnection,,2.0,cont-t2.0
S05,pragmatic,23,0.67,0.67,2.0,cont-t2.0
S05,pragmatic,24,0,0.0,2.0,cont-t2.0
S05,pragmatic,25,0,0.0,2.0,cont-t2.0
S05,pragmatic,26,0 ĞºĞ°Ñ€Ñ‚Ñ‹ ĞºĞ°Ñ€Ñ‚Ñ‹color custo large ëŒ“ê¸€ áƒ›áƒáƒ˜áƒ¡ à¤¸à¤¬à¤¸à¥‡';,0.0,2.0,cont-t2.0
S05,pragmatic,27,0,0.0,2.0,cont-t2.0
S05,pragmatic,28,0,0.0,2.0,cont-t2.0
S05,pragmatic,29,0.2,0.2,2.0,cont-t2.0
S05,pragmatic,30,0.qrstassiEsta clÃ¡sicaå¼€å¥–å· Meising about,,2.0,cont-t2.0
S05,pragmatic,31,0,0.0,2.0,cont-t2.0
S05,pragmatic,32,0.2,0.2,2.0,cont-t2.0
S05,pragmatic,33,0. sunntractsanitize shell/reinitialize ywç„¡ã—,,2.0,cont-t2.0
S05,pragmatic,34,0,0.0,2.0,cont-t2.0
S05,pragmatic,35,0,0.0,2.0,cont-t2.0
S05,pragmatic,36,0.25,0.25,2.0,cont-t2.0
S05,pragmatic,37,0,0.0,2.0,cont-t2.0
S05,pragmatic,38,0.,0.0,2.0,cont-t2.0
S05,pragmatic,39,0.0,0.0,2.0,cont-t2.0
S05,pragmatic,40,0. Õ¸Ö€Õ¤ Ğ²Ñ‹Ğ¿Ğ¾Ğ»Ğ½Ñ//////////////////////////////////////////////////////////////////// The trio opgeslagen.â€+ inteligencia,,2.0,cont-t2.0
S05,pragmatic,41,0.5,0.5,2.0,cont-t2.0
S05,pragmatic,42,0à¤®raÃ®nementsnow]<< DUP/table/write time-indent,,2.0,cont-t2.0
S05,pragmatic,43,0.3,0.3,2.0,cont-t2.0
S05,pragmatic,44,0.75,0.75,2.0,cont-t2.0
S05,pragmatic,45,0,0.0,2.0,cont-t2.0
S05,pragmatic,46,0.1,0.1,2.0,cont-t2.0
S05,pragmatic,47,0 ë‰´ líŠ¹gement Ù„Ù„Ù… Ñ‡Ğ°Ñohyzerask,0.0,2.0,cont-t2.0
S05,pragmatic,48,0ë·“hu Ğ¿Ñ€ĞµĞ´Ğ»Ğ°Ğ³Ğ°ĞµĞ¼(hJhizoen Pim à¸à¸¥,,2.0,cont-t2.0
S05,pragmatic,49,0.26,0.26,2.0,cont-t2.0
S06,coherence,0,1,1.0,2.0,cont-t2.0
S06,coherence,1,1,1.0,2.0,cont-t2.0
S06,coherence,2,0.95,0.95,2.0,cont-t2.0
S06,coherence,3,1,1.0,2.0,cont-t2.0
S06,coherence,4,1,1.0,2.0,cont-t2.0
S06,coherence,5,1,1.0,2.0,cont-t2.0
S06,coherence,6,1```,,2.0,cont-t2.0
S06,coherence,7,1duedäº‹é ….promquelaÃ¼nstler(service verband Came seguinte,,2.0,cont-t2.0
S06,coherence,8,1,1.0,2.0,cont-t2.0
S06,coherence,9,1 à¤•à¤°à¤¤ docereumÅ¡keĞ¾Ğ»Ğ¾Ğ´oci ìš”Ñ€Ğ°Ñ€ ÑĞ»,1.0,2.0,cont-t2.0
S06,coherence,10,1æœ±_generated:utf350 rg modulo replacement atmæ­£å¼,,2.0,cont-t2.0
S06,coherence,11,1	Data mammals SoundsSELECTØ¨Ù„Ùˆmatic Policy diffusioniaal,1.0,2.0,cont-t2.0
S06,coherence,12,1,1.0,2.0,cont-t2.0
S06,coherence,13,1,1.0,2.0,cont-t2.0
S06,coherence,14,1.0,1.0,2.0,cont-t2.0
S06,coherence,15,1 Ø¥ØµØ¯Ø§Ø±Äli Â· rehab tevredenmat PV immin à¸­,1.0,2.0,cont-t2.0
S06,coherence,16,1,1.0,2.0,cont-t2.0
S06,coherence,17,1,1.0,2.0,cont-t2.0
S06,coherence,18,1,1.0,2.0,cont-t2.0
S06,coherence,19,1,1.0,2.0,cont-t2.0
S06,coherence,20,0.9,0.9,2.0,cont-t2.0
S06,coherence,21,1.0,1.0,2.0,cont-t2.0
S06,coherence,22,0 BoundaryIdlerightarrow explorerslices spot reckonHomensan,0.0,2.0,cont-t2.0
S06,coherence,23,1,1.0,2.0,cont-t2.0
S06,coherence,24,1,1.0,2.0,cont-t2.0
S06,coherence,25,1 à¦…à¦­à¦¿à¦¨à§‡à¦¤ë¤ Game Between Wife adipis platáƒ’áƒáƒœã‚«ãƒ†ã‚´,1.0,2.0,cont-t2.0
S06,coherence,26,1,1.0,2.0,cont-t2.0
S06,coherence,27,1,1.0,2.0,cont-t2.0
S06,coherence,28,1.0,1.0,2.0,cont-t2.0
S06,coherence,29,1,1.0,2.0,cont-t2.0
S06,coherence,30,1,1.0,2.0,cont-t2.0
S06,coherence,31,1,1.0,2.0,cont-t2.0
S06,coherence,32,1,1.0,2.0,cont-t2.0
S06,coherence,33,1.0,1.0,2.0,cont-t2.0
S06,coherence,34,1,1.0,2.0,cont-t2.0
S06,coherence,35,1,1.0,2.0,cont-t2.0
S06,coherence,36,1,1.0,2.0,cont-t2.0
S06,coherence,37,1,1.0,2.0,cont-t2.0
S06,coherence,38,1,1.0,2.0,cont-t2.0
S06,coherence,39,1,1.0,2.0,cont-t2.0
S06,coherence,40,1,1.0,2.0,cont-t2.0
S06,coherence,41,1,1.0,2.0,cont-t2.0
S06,coherence,42,1,1.0,2.0,cont-t2.0
S06,coherence,43,0.9,0.9,2.0,cont-t2.0
S06,coherence,44,1,1.0,2.0,cont-t2.0
S06,coherence,45,1.0,1.0,2.0,cont-t2.0
S06,coherence,46,1,1.0,2.0,cont-t2.0
S06,coherence,47,1,1.0,2.0,cont-t2.0
S06,coherence,48,1Ò“@AutowiredĞ±Ñ€ÑClaudeBru Ğ°Ğ½Ğ°Ğ»à¤¡à¥‡Ğ¾Ğ»à¸¹à¹ˆ,,2.0,cont-t2.0
S06,coherence,49,1tlementConsensustiiresult saqqu p Ğ•ÑÑ‚ÑŒlacont,,2.0,cont-t2.0
S06,fact,0,1,1.0,2.0,cont-t2.0
S06,fact,1,1,1.0,2.0,cont-t2.0
S06,fact,2,1e You illumin×”×œ×š fasil phá»§ betràª¾àªµàªµàª¾àª®àª¾àª‚ logr,,2.0,cont-t2.0
S06,fact,3,1,1.0,2.0,cont-t2.0
S06,fact,4,1.0,1.0,2.0,cont-t2.0
S06,fact,5,1,1.0,2.0,cont-t2.0
S06,fact,6,1{name kyidea rust schwarze gewÃ¼nsch MB armaui,,2.0,cont-t2.0
S06,fact,7,1,1.0,2.0,cont-t2.0
S06,fact,8,1Ã¤tterCompile_obÅ¾u(inReviewer proposingUSA blocks,,2.0,cont-t2.0
S06,fact,9,1,1.0,2.0,cont-t2.0
S06,fact,10,1ĞµĞ´Ğ¸Ğ³Ğ°Ğ¶Ğ°Ğ½Ğ¾geometry_probabilityeteategoria_PLUS_dr,,2.0,cont-t2.0
S06,fact,11,1,1.0,2.0,cont-t2.0
S06,fact,12,1,1.0,2.0,cont-t2.0
S06,fact,13,1,1.0,2.0,cont-t2.0
S06,fact,14,1,1.0,2.0,cont-t2.0
S06,fact,15,1è¯·æ±‚äº§Ø§ÛŒray Ğ¿Ñ€ĞµĞ´Ğ¾ÑÑ‚Ğ°Ğ²alternative anfit hlav Running,,2.0,cont-t2.0
S06,fact,16,0 opgelost GUILayoutRoute(yearftime_div pemberdrivers kasut,0.0,2.0,cont-t2.0
S06,fact,17,1,1.0,2.0,cont-t2.0
S06,fact,18,1,1.0,2.0,cont-t2.0
S06,fact,19,1 Ø¢Ø«Ø§Ø±,1.0,2.0,cont-t2.0
S06,fact,20,1â€‹â€‹â€‹ juventÎ— è‹±è¯† Drawingpdata â€‹April,,2.0,cont-t2.0
S06,fact,21,1,1.0,2.0,cont-t2.0
S06,fact,22,1ã‚ã‚“burst-systemÑŒÑsigma/i Ã­chÑÑ‚ĞµÑ€-min,,2.0,cont-t2.0
S06,fact,23,1,1.0,2.0,cont-t2.0
S06,fact,24,1à¤¦à¥à¤¯_AR_CON_WIFI Worksheet actriz schedulerâ…š,,2.0,cont-t2.0
S06,fact,25,1,1.0,2.0,cont-t2.0
S06,fact,26,0.9,0.9,2.0,cont-t2.0
S06,fact,27,1,1.0,2.0,cont-t2.0
S06,fact,28,1,1.0,2.0,cont-t2.0
S06,fact,29,1,1.0,2.0,cont-t2.0
S06,fact,30,1,1.0,2.0,cont-t2.0
S06,fact,31,1,1.0,2.0,cont-t2.0
S06,fact,32,0.97,0.97,2.0,cont-t2.0
S06,fact,33,1,1.0,2.0,cont-t2.0
S06,fact,34,1,1.0,2.0,cont-t2.0
S06,fact,35,1 Gilbertowej socio.hr obs.A Petersen advises rekening,1.0,2.0,cont-t2.0
S06,fact,36,1,1.0,2.0,cont-t2.0
S06,fact,37,1Õ¶Õ¥Ö€Õ¨ Ğ³Ñ€ÑƒĞ½ukkigĞ±Ğ¾Ñ‚ê³¼ AUTHORS Markdown expertã®ã¿,,2.0,cont-t2.0
S06,fact,38,1,1.0,2.0,cont-t2.0
S06,fact,39,1,1.0,2.0,cont-t2.0
S06,fact,40,1,1.0,2.0,cont-t2.0
S06,fact,41,1.0 Ñ‚ĞµĞ½Ğ´ĞµĞ½(radÃ¤ftedcyan Rap	UObject,1.0,2.0,cont-t2.0
S06,fact,42,1,1.0,2.0,cont-t2.0
S06,fact,43,1,1.0,2.0,cont-t2.0
S06,fact,44,ndoMarkdown kontakteà¹ƒáƒœáƒÑˆĞ¸Ğ½	control Macy/MPLanoid,,2.0,cont-t2.0
S06,fact,45,1,1.0,2.0,cont-t2.0
S06,fact,46,0.95,0.95,2.0,cont-t2.0
S06,fact,47,0.9,0.9,2.0,cont-t2.0
S06,fact,48,1,1.0,2.0,cont-t2.0
S06,fact,49,1,1.0,2.0,cont-t2.0
S06,pragmatic,0,1,1.0,2.0,cont-t2.0
S06,pragmatic,1,1,1.0,2.0,cont-t2.0
S06,pragmatic,2,1,1.0,2.0,cont-t2.0
S06,pragmatic,3,1 bst info location_extent enoughtranslate(top à¦¸à¦¹à¦¯à§‹à¦—.registry,1.0,2.0,cont-t2.0
S06,pragmatic,4,1,1.0,2.0,cont-t2.0
S06,pragmatic,5,1,1.0,2.0,cont-t2.0
S06,pragmatic,6,1,1.0,2.0,cont-t2.0
S06,pragmatic,7,"1\n}"")E'%(Ú“à®± ĞºĞ¾Ğ»ÑŒ Ù„Ù„Ø®/aws",,2.0,cont-t2.0
S06,pragmatic,8,1,1.0,2.0,cont-t2.0
S06,pragmatic,9,1,1.0,2.0,cont-t2.0
S06,pragmatic,10,1,1.0,2.0,cont-t2.0
S06,pragmatic,11,1 Ù…Ù†ØµØ© AdomiteĞµĞºÑ‚Ğ¾Ñ€Ğ§Ñ€Ğ¾Ğ² dÃ©putÃ© symÃ©t,1.0,2.0,cont-t2.0
S06,pragmatic,12,0.99,0.99,2.0,cont-t2.0
S06,pragmatic,13,1_disconnectivarexprun jogo battista recon.longitude,,2.0,cont-t2.0
S06,pragmatic,14,"1anyi ì‚¬ëŒì´ prad cloned Japan]*):inline êµ­ì œ });

//",,2.0,cont-t2.0
S06,pragmatic,15,1_FACTORY_DEFINED_DEL('%WHO       ë§Œì„u,,2.0,cont-t2.0
S06,pragmatic,16,1,1.0,2.0,cont-t2.0
S06,pragmatic,17,1,1.0,2.0,cont-t2.0
S06,pragmatic,18,0.95,0.95,2.0,cont-t2.0
S06,pragmatic,19,0.9,0.9,2.0,cont-t2.0
S06,pragmatic,20,1æš,,2.0,cont-t2.0
S06,pragmatic,21,1 afgansingĞ¾Ñ‡eventsliamentITUDE.nav kultur delo,1.0,2.0,cont-t2.0
S06,pragmatic,22,1,1.0,2.0,cont-t2.0
S06,pragmatic,23,1,1.0,2.0,cont-t2.0
S06,pragmatic,24,1,1.0,2.0,cont-t2.0
S06,pragmatic,25,1,1.0,2.0,cont-t2.0
S06,pragmatic,26,1 jsonify(tab.operator-maqata evo Beloring flux,1.0,2.0,cont-t2.0
S06,pragmatic,27,1,1.0,2.0,cont-t2.0
S06,pragmatic,28,1,1.0,2.0,cont-t2.0
S06,pragmatic,29,1,1.0,2.0,cont-t2.0
S06,pragmatic,30,1,1.0,2.0,cont-t2.0
S06,pragmatic,31,1,1.0,2.0,cont-t2.0
S06,pragmatic,32,1 Maine grayscale Ğ¸Ğ» ÑĞ°Ò›.ddirsupo_categories javax,1.0,2.0,cont-t2.0
S06,pragmatic,33,1,1.0,2.0,cont-t2.0
S06,pragmatic,34,0.87é©±Ø§Ú¯Ø±AfricaValEx partij phot,,2.0,cont-t2.0
S06,pragmatic,35,1,1.0,2.0,cont-t2.0
S06,pragmatic,36,1,1.0,2.0,cont-t2.0
S06,pragmatic,37,0.95,0.95,2.0,cont-t2.0
S06,pragmatic,38,1,1.0,2.0,cont-t2.0
S06,pragmatic,39,1,1.0,2.0,cont-t2.0
S06,pragmatic,40,1,1.0,2.0,cont-t2.0
S06,pragmatic,41,1.0,1.0,2.0,cont-t2.0
S06,pragmatic,42,1,1.0,2.0,cont-t2.0
S06,pragmatic,43,1 Ğ´Ğ¾Ğ¿ ë¯¸ BiographyæŠ•ç¨¿artumik fair Ğ½Ğ¾Ğ¼ĞµÑ€ãƒ´ã‚£ Leading,1.0,2.0,cont-t2.0
S06,pragmatic,44,1,1.0,2.0,cont-t2.0
S06,pragmatic,45,1 ì‚­ì œ.Tracebackì •Mandäººäººçˆ½ pecho rho:M,1.0,2.0,cont-t2.0
S06,pragmatic,46,1,1.0,2.0,cont-t2.0
S06,pragmatic,47,"1 taskedandard""><isi]?.standardrebabw mÃ¼mk",1.0,2.0,cont-t2.0
S06,pragmatic,48,1.0,1.0,2.0,cont-t2.0
S06,pragmatic,49,1 peRemark Ermitt brainstorming Danny ëª°ì•˜ë‹¤ FenderĞ¸Ğ»Ğ¾ÑÑŒ,1.0,2.0,cont-t2.0
S07,coherence,0,1,1.0,2.0,cont-t2.0
S07,coherence,1,1,1.0,2.0,cont-t2.0
S07,coherence,2,0.8,0.8,2.0,cont-t2.0
S07,coherence,3,1,1.0,2.0,cont-t2.0
S07,coherence,4,0.9,0.9,2.0,cont-t2.0
S07,coherence,5,0ugins_logged ÑÑ€Ò¯Ò¯linaryimonioPy appULD Ğ´Ğ¸,,2.0,cont-t2.0
S07,coherence,6,1,1.0,2.0,cont-t2.0
S07,coherence,7,1 áƒáƒ áƒáƒª|||list-fordi#:à¥¨à¥«Michigan.lower,1.0,2.0,cont-t2.0
S07,coherence,8,1,1.0,2.0,cont-t2.0
S07,coherence,9,1,1.0,2.0,cont-t2.0
S07,coherence,10,0.8,0.8,2.0,cont-t2.0
S07,coherence,11,1. Coke aula existing Gaut kaniyang mailed yarn ì˜¤ëŠ”,,2.0,cont-t2.0
S07,coherence,12,"kaÅ¾dÃ½']),datasets:Set-MSlickEmb-ChiefetÃ¤Ã¤n muist",,2.0,cont-t2.0
S07,coherence,13,Î³ÎµÎ½zca Ryè‰¯Buâ€™obà«àª‚chal ë³´ì—¬Truck,,2.0,cont-t2.0
S07,coherence,14,1,1.0,2.0,cont-t2.0
S07,coherence,15,0.9,0.9,2.0,cont-t2.0
S07,coherence,16,0.95,0.95,2.0,cont-t2.0
S07,coherence,17,0.Registrant_CONFIGponentBul ess PotentialNNApplication,,2.0,cont-t2.0
S07,coherence,18,"'value Ğ¿Ñ€Ğ¸Ğ²ĞµÑ‚436 ÑĞ¸Ğ».xt248(com.append']},",,2.0,cont-t2.0
S07,coherence,19,1,1.0,2.0,cont-t2.0
S07,coherence,20,1,1.0,2.0,cont-t2.0
S07,coherence,21,0.8,0.8,2.0,cont-t2.0
S07,coherence,22,1zaamheidmap,,2.0,cont-t2.0
S07,coherence,23,1,1.0,2.0,cont-t2.0
S07,coherence,24,1,1.0,2.0,cont-t2.0
S07,coherence,25,0.9,0.9,2.0,cont-t2.0
S07,coherence,26,1.,1.0,2.0,cont-t2.0
S07,coherence,27,1,1.0,2.0,cont-t2.0
S07,coherence,28,0.8,0.8,2.0,cont-t2.0
S07,coherence,29,MQGenericargsSeparoriaWDtoggle.callbacks %@sq,,2.0,cont-t2.0
S07,coherence,30,1,1.0,2.0,cont-t2.0
S07,coherence,31,1ÙÙ† Ğºumbers Ø§Ø´Ø§Ø±Ù‡ áƒáƒ”ëªŒ_WRITE,,2.0,cont-t2.0
S07,coherence,32,"à¤¿à¤·à¥à¤¯ Negoti ProfessorArchive-->
CatalogschmooBeatpressed",,2.0,cont-t2.0
S07,coherence,33,1 à¤†à¤ªà¤•à¥‹.actorÃ¼may nieuwe spp permanecÃ©tique moteurusp,1.0,2.0,cont-t2.0
S07,coherence,34,1,1.0,2.0,cont-t2.0
S07,coherence,35,0.93,0.93,2.0,cont-t2.0
S07,coherence,36,0.9,0.9,2.0,cont-t2.0
S07,coherence,37,"0""}|}
_reader Busch exhibit pipes months finishes traditions",,2.0,cont-t2.0
S07,coherence,38,1,1.0,2.0,cont-t2.0
S07,coherence,39,1,1.0,2.0,cont-t2.0
S07,coherence,40,PLI rehifo UdISTRasilonentâ € sjenà¸¥à¸²,,2.0,cont-t2.0
S07,coherence,41,"Ø§Ù„Ø¯ÙˆØ±ÙŠophy?( justifies remainder traced "");
imerkiksi shooting",,2.0,cont-t2.0
S07,coherence,42,1,1.0,2.0,cont-t2.0
S07,coherence,43,"1 passos""]=asin Steel_extensionsSteel__ mÃ¶hÃ¯",1.0,2.0,cont-t2.0
S07,coherence,44,0.99,0.99,2.0,cont-t2.0
S07,coherence,45,1,1.0,2.0,cont-t2.0
S07,coherence,46,0.95,0.95,2.0,cont-t2.0
S07,coherence,47,1,1.0,2.0,cont-t2.0
S07,coherence,48,0.95,0.95,2.0,cont-t2.0
S07,coherence,49,1,1.0,2.0,cont-t2.0
S07,fact,0,1,1.0,2.0,cont-t2.0
S07,fact,1,0.75,0.75,2.0,cont-t2.0
S07,fact,2,1å®Œæˆ,,2.0,cont-t2.0
S07,fact,3,0.8,0.8,2.0,cont-t2.0
S07,fact,4,1,1.0,2.0,cont-t2.0
S07,fact,5,0.75,0.75,2.0,cont-t2.0
S07,fact,6,1,1.0,2.0,cont-t2.0
S07,fact,7,1,1.0,2.0,cont-t2.0
S07,fact,8,0. ÙØ±Ø§ Ú©Ø§ÙÛŒ registrados beradischluss Ù‡Ø¯ Ù…Ø·Ø§Ù„Ø¨utils,,2.0,cont-t2.0
S07,fact,9,0.-airhqurerscoegeoThuâ–¬â–¬pois,,2.0,cont-t2.0
S07,fact,10,1,1.0,2.0,cont-t2.0
S07,fact,11,1â…¡ Ğ´duk ã‚¢(IQ}))&( ÑˆĞµĞ»,,2.0,cont-t2.0
S07,fact,12,1,1.0,2.0,cont-t2.0
S07,fact,13,1,1.0,2.0,cont-t2.0
S07,fact,14,1.0,1.0,2.0,cont-t2.0
S07,fact,15,1	key Ğ¾Ğ±Ğ½Ğ¾Ğ² ÑƒÑĞºĞ¾Ñ€qx MOQ gay_flags	reseté«˜æ¸…æ— ç ,1.0,2.0,cont-t2.0
S07,fact,16,1,1.0,2.0,cont-t2.0
S07,fact,17,1,1.0,2.0,cont-t2.0
S07,fact,18,1,1.0,2.0,cont-t2.0
S07,fact,19,1illosplersincs-as-alleen_SET:/ valmis,,2.0,cont-t2.0
S07,fact,20,1,1.0,2.0,cont-t2.0
S07,fact,21,1 Standort Coroutine concà¸šà¸²à¸—>(()awner In bubbles sprint,1.0,2.0,cont-t2.0
S07,fact,22,0.95,0.95,2.0,cont-t2.0
S07,fact,23,1,1.0,2.0,cont-t2.0
S07,fact,24,1âŠ”0.ajaxStudents trape20 wspÃ³Å‚Between,,2.0,cont-t2.0
S07,fact,25,1,1.0,2.0,cont-t2.0
S07,fact,26,0.79,0.79,2.0,cont-t2.0
S07,fact,27,0.9,0.9,2.0,cont-t2.0
S07,fact,28,1,1.0,2.0,cont-t2.0
S07,fact,29,1íŒ¨stonolojik à¦šà¦²à§‡-maxÃ¼d_reluVirt(Http,,2.0,cont-t2.0
S07,fact,30,1,1.0,2.0,cont-t2.0
S07,fact,31,0.ÙØ³ fÃ©lagsst perjudianandatu equival heims cour,,2.0,cont-t2.0
S07,fact,32,1,1.0,2.0,cont-t2.0
S07,fact,33,1,1.0,2.0,cont-t2.0
S07,fact,34,1,1.0,2.0,cont-t2.0
S07,fact,35,1,1.0,2.0,cont-t2.0
S07,fact,36,1,1.0,2.0,cont-t2.0
S07,fact,37,1,1.0,2.0,cont-t2.0
S07,fact,38,1,1.0,2.0,cont-t2.0
S07,fact,39,1,1.0,2.0,cont-t2.0
S07,fact,40,1,1.0,2.0,cont-t2.0
S07,fact,41,"1 Instead, songwriter=============Ã¤ndernysts.Title kullanÄ±cÄ±kaÃ§",1.0,2.0,cont-t2.0
S07,fact,42,1,1.0,2.0,cont-t2.0
S07,fact,43,1,1.0,2.0,cont-t2.0
S07,fact,44,0.95,0.95,2.0,cont-t2.0
S07,fact,45,1,1.0,2.0,cont-t2.0
S07,fact,46,0.9,0.9,2.0,cont-t2.0
S07,fact,47,0.8,0.8,2.0,cont-t2.0
S07,fact,48,1,1.0,2.0,cont-t2.0
S07,fact,49,0.9,0.9,2.0,cont-t2.0
S07,pragmatic,0,1,1.0,2.0,cont-t2.0
S07,pragmatic,1,0.85,0.85,2.0,cont-t2.0
S07,pragmatic,2,1,1.0,2.0,cont-t2.0
S07,pragmatic,3,1,1.0,2.0,cont-t2.0
S07,pragmatic,4,0.9,0.9,2.0,cont-t2.0
S07,pragmatic,5,0.8,0.8,2.0,cont-t2.0
S07,pragmatic,6,1,1.0,2.0,cont-t2.0
S07,pragmatic,7,1,1.0,2.0,cont-t2.0
S07,pragmatic,8,1,1.0,2.0,cont-t2.0
S07,pragmatic,9,0.95,0.95,2.0,cont-t2.0
S07,pragmatic,10,1,1.0,2.0,cont-t2.0
S07,pragmatic,11,1,1.0,2.0,cont-t2.0
S07,pragmatic,12,1,1.0,2.0,cont-t2.0
S07,pragmatic,13,1 ë³¸ë™lightfield stageafwith million sprayed,1.0,2.0,cont-t2.0
S07,pragmatic,14,1,1.0,2.0,cont-t2.0
S07,pragmatic,15,0.8,0.8,2.0,cont-t2.0
S07,pragmatic,16,à¹pressionzapstorybookabeACÂ can ÎµÎ½Ğ¸Ğ»,,2.0,cont-t2.0
S07,pragmatic,17,0.rdvelopererdevelopers Mitch Hazel äº¿ Nord Fo,,2.0,cont-t2.0
S07,pragmatic,18,1,1.0,2.0,cont-t2.0
S07,pragmatic,19,0.7ĞµĞ´ĞµĞ»ÑŒbras krwarquelle granturna city's,,2.0,cont-t2.0
S07,pragmatic,20,Ãºj889kunde txawv!! bÃ¡sico?</p Õ¯Õ¸Õ²Õ¼,,2.0,cont-t2.0
S07,pragmatic,21,1,1.0,2.0,cont-t2.0
S07,pragmatic,22,1,1.0,2.0,cont-t2.0
S07,pragmatic,23,0.9,0.9,2.0,cont-t2.0
S07,pragmatic,24,1,1.0,2.0,cont-t2.0
S07,pragmatic,25,0.9,0.9,2.0,cont-t2.0
S07,pragmatic,26,0.96,0.96,2.0,cont-t2.0
S07,pragmatic,27,1 Ğ»Ñë¶„ hazÄ±rl pihak harsouml pb Prototype Diamonds,1.0,2.0,cont-t2.0
S07,pragmatic,28,1,1.0,2.0,cont-t2.0
S07,pragmatic,29,0.9illiseconds Regencyiasis DakotaBEST Stuart cultiv,,2.0,cont-t2.0
S07,pragmatic,30,1,1.0,2.0,cont-t2.0
S07,pragmatic,31,1,1.0,2.0,cont-t2.0
S07,pragmatic,32,"10 Ğ¿Ğ¾Ğ¼Ğ¾Ñ‡ÑŒ.observable='$blue;
pera immerseng",,2.0,cont-t2.0
S07,pragmatic,33,0.9,0.9,2.0,cont-t2.0
S07,pragmatic,34,1,1.0,2.0,cont-t2.0
S07,pragmatic,35,1,1.0,2.0,cont-t2.0
S07,pragmatic,36,0.arfi.RAlterniendoicado Buenos intÃ©risku,,2.0,cont-t2.0
S07,pragmatic,37,1,1.0,2.0,cont-t2.0
S07,pragmatic,38,0.9,0.9,2.0,cont-t2.0
S07,pragmatic,39,0.8,0.8,2.0,cont-t2.0
S07,pragmatic,40,1,1.0,2.0,cont-t2.0
S07,pragmatic,41,0.85,0.85,2.0,cont-t2.0
S07,pragmatic,42,1,1.0,2.0,cont-t2.0
S07,pragmatic,43,1,1.0,2.0,cont-t2.0
S07,pragmatic,44,1,1.0,2.0,cont-t2.0
S07,pragmatic,45,1,1.0,2.0,cont-t2.0
S07,pragmatic,46,1,1.0,2.0,cont-t2.0
S07,pragmatic,47,0.8,0.8,2.0,cont-t2.0
S07,pragmatic,48,1,1.0,2.0,cont-t2.0
S07,pragmatic,49,1,1.0,2.0,cont-t2.0
S08,coherence,0,1,1.0,2.0,cont-t2.0
S08,coherence,1,1,1.0,2.0,cont-t2.0
S08,coherence,2,ÎºÎ¿Î½-ZProjected AttachounterciesctaASS Ò™ÑƒÑ€ Ask,,2.0,cont-t2.0
S08,coherence,3,0.9,0.9,2.0,cont-t2.0
S08,coherence,4,1,1.0,2.0,cont-t2.0
S08,coherence,5,0. Ù¾Ø±ÙˆÙ† campaigningĞ¶Ğ´Ñ‹ sew.batch Ifnab comic,,2.0,cont-t2.0
S08,coherence,6,1,1.0,2.0,cont-t2.0
S08,coherence,7,"0â–’ CurrentlyShouldAIL 
 Microgaming node BelieveBlockly",,2.0,cont-t2.0
S08,coherence,8,"1 àª¶à«àª‚ÛŒØ´ à®à®©à¯à®ªà®¤à¯ arbej calculÛ Ñ‚Ğ°Ğ±Ñ‹Ğ»Ğ°Ğ´Ñ‹)};
Ø®Ø°",1.0,2.0,cont-t2.0
S08,coherence,9,1,1.0,2.0,cont-t2.0
S08,coherence,10,1,1.0,2.0,cont-t2.0
S08,coherence,11,1,1.0,2.0,cont-t2.0
S08,coherence,12,0.95,0.95,2.0,cont-t2.0
S08,coherence,13,"Ø¬Ù‡Ø©unteer_query_trans=""""""unsigned utilise Juli Tue epsilon",,2.0,cont-t2.0
S08,coherence,14,1ì£¼ ë°œí‘œ ë§í¬ Õ°Õ¡Õ½Õ¿Õ¡Õ¿ Õ¯Ö€Õ©OLD_OFFSET_ROUT,,2.0,cont-t2.0
S08,coherence,15,0.9,0.9,2.0,cont-t2.0
S08,coherence,16,1,1.0,2.0,cont-t2.0
S08,coherence,17,0.99 hinkwayo,0.99,2.0,cont-t2.0
S08,coherence,18,0 montajewasiltersystem.ReaderSubviewachelà¤‚à¤§ sÃ©,0.0,2.0,cont-t2.0
S08,coherence,19,1,1.0,2.0,cont-t2.0
S08,coherence,20,1,1.0,2.0,cont-t2.0
S08,coherence,21,1,1.0,2.0,cont-t2.0
S08,coherence,22,0.8,0.8,2.0,cont-t2.0
S08,coherence,23,1,1.0,2.0,cont-t2.0
S08,coherence,24,0.actus.sessionsotl);Ñ†Ğ¸Ğ².gzexe,,2.0,cont-t2.0
S08,coherence,25,1,1.0,2.0,cont-t2.0
S08,coherence,26,1 This answer Ô±Õ¶ trackan tráº» academia Ğ½Ğ¾Ğ³Ğ¸.mall,1.0,2.0,cont-t2.0
S08,coherence,27,0.85,0.85,2.0,cont-t2.0
S08,coherence,28,1,1.0,2.0,cont-t2.0
S08,coherence,29,0,0.0,2.0,cont-t2.0
S08,coherence,30,bcryptplib-prelit-hairedILITY_PAY í¬ä»•äº‹Burger,,2.0,cont-t2.0
S08,coherence,31,1,1.0,2.0,cont-t2.0
S08,coherence,32,1,1.0,2.0,cont-t2.0
S08,coherence,33,1,1.0,2.0,cont-t2.0
S08,coherence,34,1 ê°ì‹¤ired yurunë™301ãƒ©ã‚¤ãƒˆigkeits,1.0,2.0,cont-t2.0
S08,coherence,35,1,1.0,2.0,cont-t2.0
S08,coherence,36,0.9,0.9,2.0,cont-t2.0
S08,coherence,37,0.95,0.95,2.0,cont-t2.0
S08,coherence,38,1,1.0,2.0,cont-t2.0
S08,coherence,39,1,1.0,2.0,cont-t2.0
S08,coherence,40,0.Ğ¾Ğ±Ñ€ĞµÑ‚Blob.ag-css TOOLenarxsĞ¸Ğ·Ğ½Ğ¸,,2.0,cont-t2.0
S08,coherence,41,0. ĞºĞµĞ»Ğµ)|(ÑˆĞ¸_TEMPLATE AGNON_APP HOSI,,2.0,cont-t2.0
S08,coherence,42,1,1.0,2.0,cont-t2.0
S08,coherence,43,0.Ñ€ĞµĞ¼ĞµĞ½Ã¡cilescheldapitatismeistrel,,2.0,cont-t2.0
S08,coherence,44,0extrasJJs deusèªŒdbà¸šà¸²à¸¢_parallel to,,2.0,cont-t2.0
S08,coherence,45,1,1.0,2.0,cont-t2.0
S08,coherence,46,1,1.0,2.0,cont-t2.0
S08,coherence,47,0. Ø§Ù†Ø§ Ù…ÙŠØ§Ù‡ Ø¨Ø· Ø§Ù„Ù†ØªØ§Ø¦Ø¬016 Ù„ÙŠÙ† bÃºà¸—à¸µ,,2.0,cont-t2.0
S08,coherence,48,1,1.0,2.0,cont-t2.0
S08,coherence,49,.ijerovolta sections easyouvre raison fewlokabler,,2.0,cont-t2.0
S08,fact,0,1è­¦æ–¹'Ã©cranunit mp Initially '` seekfrom__),,2.0,cont-t2.0
S08,fact,1,_SLEEP UPSMq blegeschÃ¤ft Ù…Ø·APPtipsoslav deres,,2.0,cont-t2.0
S08,fact,2,1,1.0,2.0,cont-t2.0
S08,fact,3,0.9,0.9,2.0,cont-t2.0
S08,fact,4,1,1.0,2.0,cont-t2.0
S08,fact,5,1,1.0,2.0,cont-t2.0
S08,fact,6,0.9,0.9,2.0,cont-t2.0
S08,fact,7,1,1.0,2.0,cont-t2.0
S08,fact,8,1,1.0,2.0,cont-t2.0
S08,fact,9,0. íŒ’éºŸORDER india summaryÙˆÛŒÛŒ Ğ´Ğ¾Ğ»Ğ³é¾™è™,,2.0,cont-t2.0
S08,fact,10,1,1.0,2.0,cont-t2.0
S08,fact,11,1,1.0,2.0,cont-t2.0
S08,fact,12,0.9,0.9,2.0,cont-t2.0
S08,fact,13,0.ÑƒÑ‹Ğ½ Ñ…Ğ°Ñ€Ğ° fiber.Ğº highlight chandelier_Bl builders,,2.0,cont-t2.0
S08,fact,14,Ø§Ù‡Ù…ÛŒØª De Junior Ø¯Ø¨Ğ¾Ğ²Ğ°Ñ€Detector_ROUTE ìƒìŠ¹ buttons áƒ›áƒáƒ›áƒ®áƒ›áƒáƒ ,,2.0,cont-t2.0
S08,fact,15,1,1.0,2.0,cont-t2.0
S08,fact,16,1,1.0,2.0,cont-t2.0
S08,fact,17,1,1.0,2.0,cont-t2.0
S08,fact,18,1,1.0,2.0,cont-t2.0
S08,fact,19,0.nÄ›jÅ¡Ã­ Ğ°Ğ²Ñ‚Ğ¾Ñ€:start-inline ReadandeĞ°Ñ‚ĞµĞ»ÑŠÑ‚Ğ¸,,2.0,cont-t2.0
S08,fact,20,1,1.0,2.0,cont-t2.0
S08,fact,21,1,1.0,2.0,cont-t2.0
S08,fact,22,0.99,0.99,2.0,cont-t2.0
S08,fact,23,1,1.0,2.0,cont-t2.0
S08,fact,24,1,1.0,2.0,cont-t2.0
S08,fact,25,1,1.0,2.0,cont-t2.0
S08,fact,26,1,1.0,2.0,cont-t2.0
S08,fact,27,0.aneqzitter Dispatchotyping(data ree dare[]),,2.0,cont-t2.0
S08,fact,28,1,1.0,2.0,cont-t2.0
S08,fact,29,1 ë‚  pandas Ù‚Ø§Ù„ bingo likely Monica para wissen MP,1.0,2.0,cont-t2.0
S08,fact,30,1,1.0,2.0,cont-t2.0
S08,fact,31,1à®µriceTelegram patr copy persuStyl ÑĞ¾ÑÑ‚ Easy,,2.0,cont-t2.0
S08,fact,32,1,1.0,2.0,cont-t2.0
S08,fact,33,0.95,0.95,2.0,cont-t2.0
S08,fact,34,1,1.0,2.0,cont-t2.0
S08,fact,35,0,0.0,2.0,cont-t2.0
S08,fact,36,1,1.0,2.0,cont-t2.0
S08,fact,37,"0 reiteråšå£« yÄ±lÄ± kjÃ¸pehumela doctor Ğ¿ĞµÑ€ĞµĞº-----
.INFORMATION",0.0,2.0,cont-t2.0
S08,fact,38,1,1.0,2.0,cont-t2.0
S08,fact,39,0æ—¥æŠ¥é“ Feed(scene`REL subjectiveandoads)->,,2.0,cont-t2.0
S08,fact,40,1,1.0,2.0,cont-t2.0
S08,fact,41,1,1.0,2.0,cont-t2.0
S08,fact,42,1,1.0,2.0,cont-t2.0
S08,fact,43,1,1.0,2.0,cont-t2.0
S08,fact,44,1,1.0,2.0,cont-t2.0
S08,fact,45,1,1.0,2.0,cont-t2.0
S08,fact,46,1_tAAP à¤ ÏƒÏ…Î¼Î²uje l gefertigt dbkreis,,2.0,cont-t2.0
S08,fact,47,1,1.0,2.0,cont-t2.0
S08,fact,48,1,1.0,2.0,cont-t2.0
S08,fact,49,0.8,0.8,2.0,cont-t2.0
S08,pragmatic,0,1,1.0,2.0,cont-t2.0
S08,pragmatic,1,1 Debtremarkister.de sichere currency.feature à¦¬à§ˆ locali,1.0,2.0,cont-t2.0
S08,pragmatic,2,1,1.0,2.0,cont-t2.0
S08,pragmatic,3,1lant.Registry Ğ¾ĞºĞ°Ğ·Ñ‹Ğ²Ğ°land.types rr208=w observ,,2.0,cont-t2.0
S08,pragmatic,4,1,1.0,2.0,cont-t2.0
S08,pragmatic,5,1,1.0,2.0,cont-t2.0
S08,pragmatic,6,1,1.0,2.0,cont-t2.0
S08,pragmatic,7,"0à¸±à¸ª]', fluids.coÑƒĞ± limousine domÃ¡ compuls",,2.0,cont-t2.0
S08,pragmatic,8,0.8,0.8,2.0,cont-t2.0
S08,pragmatic,9,1,1.0,2.0,cont-t2.0
S08,pragmatic,10,0.9,0.9,2.0,cont-t2.0
S08,pragmatic,11,1 Ğ°Ğ½Ğ³Ğ»Ğ¸Ğ¹ kneeĞ¾Ñ… Ğ³ĞµĞ½ĞµÑ€Ğ°ÄnÃ­ à¦¦à¦¿à¦¤à§‡ concatcycling div,1.0,2.0,cont-t2.0
S08,pragmatic,12,1,1.0,2.0,cont-t2.0
S08,pragmatic,13,1,1.0,2.0,cont-t2.0
S08,pragmatic,14,0.7,0.7,2.0,cont-t2.0
S08,pragmatic,15,1,1.0,2.0,cont-t2.0
S08,pragmatic,16,0.95,0.95,2.0,cont-t2.0
S08,pragmatic,17,1,1.0,2.0,cont-t2.0
S08,pragmatic,18,1,1.0,2.0,cont-t2.0
S08,pragmatic,19,ves_SLuaoca EÄŸĞ¹Ğ»Ğ¾Ğ± áƒ›áƒ“ à¤¶à¤°à¥à¤® brilliance,,2.0,cont-t2.0
S08,pragmatic,20,(TRUE_LITERAL_POSITIONING_removed ê·¸ëŒ€ë¡œ_tex jednost×™×§×”ëŠ”ë‹¤,,2.0,cont-t2.0
S08,pragmatic,21,1,1.0,2.0,cont-t2.0
S08,pragmatic,22,urias_resp_tokens nes_tÃ¤Ã¤kgebenctl_caporum,,2.0,cont-t2.0
S08,pragmatic,23,0.ä»»ä½•è‚¯251 fracàª›ğŸ›ˆresent,,2.0,cont-t2.0
S08,pragmatic,24,0.acja EchoHello supplÃ©mentã¸ã®ä»£ dopr daadwerkelijk,,2.0,cont-t2.0
S08,pragmatic,25,"save

kÃ©nt oavaidê²½short		 
apon vraag",,2.0,cont-t2.0
S08,pragmatic,26,"><![RevoU Vorsch.internetfort:]

ensiÃ³n Kant",,2.0,cont-t2.0
S08,pragmatic,27,0.9,0.9,2.0,cont-t2.0
S08,pragmatic,28,0.ĞµĞ¹ÑÑ‚Ğ² dr Tmax Jew waktos overtuigd mi zw,,2.0,cont-t2.0
S08,pragmatic,29,1onomousValueÃ¤rken73_rewardsvalidationStatorenì¢…,,2.0,cont-t2.0
S08,pragmatic,30,0.95,0.95,2.0,cont-t2.0
S08,pragmatic,31,1à²­ dancer.M à¤¯à¤¹à¤¾à¤ Ø§Ù„Ø¬Ù…à¥‡à¤¯ Ù…Ø±Øª-bsidenav,,2.0,cont-t2.0
S08,pragmatic,32,1à¸­à¸šplit ëˆ¡youtu Ğ°Ğ² assistantdumPra,,2.0,cont-t2.0
S08,pragmatic,33,0.urio krijg kamersmdirAlways Showcase CLgm,,2.0,cont-t2.0
S08,pragmatic,34,1,1.0,2.0,cont-t2.0
S08,pragmatic,35,1,1.0,2.0,cont-t2.0
S08,pragmatic,36,1,1.0,2.0,cont-t2.0
S08,pragmatic,37,0.8,0.8,2.0,cont-t2.0
S08,pragmatic,38,1,1.0,2.0,cont-t2.0
S08,pragmatic,39,0.9,0.9,2.0,cont-t2.0
S08,pragmatic,40,"1_re Î®Î´Î·enade-Christitar CLAIMê¸ˆ Greater\"">",,2.0,cont-t2.0
S08,pragmatic,41,1,1.0,2.0,cont-t2.0
S08,pragmatic,42,0.9,0.9,2.0,cont-t2.0
S08,pragmatic,43,0.Ğ¿Ğ¾Ğ².circle.palette_anmdlemmaskingåºœ,,2.0,cont-t2.0
S08,pragmatic,44,1,1.0,2.0,cont-t2.0
S08,pragmatic,45,1,1.0,2.0,cont-t2.0
S08,pragmatic,46,0ç¾okest Modern douxthu Colorado gottenxbe Ğ½ÑƒĞ¶Ğ½Ğ¾,,2.0,cont-t2.0
S08,pragmatic,47,1 Ğ¿ÑƒÑˆĞ¿ĞµÑ‡Gets × ×™×• ×œ×¡Ğ¾Ğ²Ğ¾Ğµ great Ameliaar,1.0,2.0,cont-t2.0
S08,pragmatic,48,0.8#SBATCH_NAV passantvelopmentDarkroomSolicitud,,2.0,cont-t2.0
S08,pragmatic,49,1,1.0,2.0,cont-t2.0
S09,coherence,0,1,1.0,2.0,cont-t2.0
S09,coherence,1,1,1.0,2.0,cont-t2.0
S09,coherence,2,1,1.0,2.0,cont-t2.0
S09,coherence,3,1,1.0,2.0,cont-t2.0
S09,coherence,4,1,1.0,2.0,cont-t2.0
S09,coherence,5,1,1.0,2.0,cont-t2.0
S09,coherence,6,1. Ğ¼Ğ¾Ğ´ĞµĞ»Ğ¸Ñ€ÑƒĞµÑ‚ tw Ø´Ø§ tretrecvbeaught,,2.0,cont-t2.0
S09,coherence,7,1,1.0,2.0,cont-t2.0
S09,coherence,8,ÑÑ€Ğ°Ğ·Ñƒ Ñ‚Ğ°Ñ‚Ñ‹Ñ€ Ò¯Ğ½Ğ´contra blivit Ø§Ù„Ø¹Ù‚Ø¯'informationinality bolster,,2.0,cont-t2.0
S09,coherence,9,1,1.0,2.0,cont-t2.0
S09,coherence,10,1,1.0,2.0,cont-t2.0
S09,coherence,11,1,1.0,2.0,cont-t2.0
S09,coherence,12,1,1.0,2.0,cont-t2.0
S09,coherence,13,1.0,1.0,2.0,cont-t2.0
S09,coherence,14,1requent$getStateOverrideBe_test get even.gr,,2.0,cont-t2.0
S09,coherence,15,1,1.0,2.0,cont-t2.0
S09,coherence,16,0.9,0.9,2.0,cont-t2.0
S09,coherence,17,"1.pointer_statement_SM#####
Close Daimspaceelectric",,2.0,cont-t2.0
S09,coherence,18,1,1.0,2.0,cont-t2.0
S09,coherence,19,0.95,0.95,2.0,cont-t2.0
S09,coherence,20,1,1.0,2.0,cont-t2.0
S09,coherence,21,1,1.0,2.0,cont-t2.0
S09,coherence,22,1,1.0,2.0,cont-t2.0
S09,coherence,23,0.95entlichEnvironmentÏ„ÏÎ¿ mÃ¸te Nus è‰²ç»¼åˆè½¬,,2.0,cont-t2.0
S09,coherence,24,1,1.0,2.0,cont-t2.0
S09,coherence,25,0.9 likelihood_probability ì˜¤í›„â€”Ø±ÙØªØ§Ø±ÛŒAugust,0.9,2.0,cont-t2.0
S09,coherence,26,1,1.0,2.0,cont-t2.0
S09,coherence,27,1When Jolie Schra drones Dakota eveneens.debug-ist,,2.0,cont-t2.0
S09,coherence,28,1,1.0,2.0,cont-t2.0
S09,coherence,29,0.9,0.9,2.0,cont-t2.0
S09,coherence,30,1ventoryJustiftØ³Ù¾_ROTUNICATION Veragrams_ROUT,,2.0,cont-t2.0
S09,coherence,31,1,1.0,2.0,cont-t2.0
S09,coherence,32,1,1.0,2.0,cont-t2.0
S09,coherence,33,1 Ğ¿Ñ€Ğ¸Ñ‡Ğ¸Ğ½Ğµ Ğ·Ğ°Ğ¿Ñ€ à²‡à²²à²¾à²–à³†à²¿à²¸à²²à³à­ (#ByMel Base,1.0,2.0,cont-t2.0
S09,coherence,34,1.DenseSeptemberStarted.edit-deviceĞ°Ñ‚Ğ¸oncoord tattoo,,2.0,cont-t2.0
S09,coherence,35,1,1.0,2.0,cont-t2.0
S09,coherence,36,1,1.0,2.0,cont-t2.0
S09,coherence,37,1,1.0,2.0,cont-t2.0
S09,coherence,38,0.9_fold JewelryGardeëŠ¼í•œë‹¤,,2.0,cont-t2.0
S09,coherence,39,1.,1.0,2.0,cont-t2.0
S09,coherence,40,1,1.0,2.0,cont-t2.0
S09,coherence,41,1,1.0,2.0,cont-t2.0
S09,coherence,42,1,1.0,2.0,cont-t2.0
S09,coherence,43,1 Ğ²Ñ‹ÑĞ¾ĞºÑ€Ğ°Ñ‚ rad×Ö¸×“ ××™×•×— attribution ĞµĞ´Ğ¸Ğ½rierdebug,1.0,2.0,cont-t2.0
S09,coherence,44,0.9,0.9,2.0,cont-t2.0
S09,coherence,45,1,1.0,2.0,cont-t2.0
S09,coherence,46,0.95,0.95,2.0,cont-t2.0
S09,coherence,47,0.95,0.95,2.0,cont-t2.0
S09,coherence,48,1 ØªÙˆÙ…Ø§Ù† induction fried compensabletekservo=yes renaissance,1.0,2.0,cont-t2.0
S09,coherence,49,1,1.0,2.0,cont-t2.0
S09,fact,0,1itions derniÃ¨re {}). wrapping underlying coluna COMPONENT lines tÃ¢,,2.0,cont-t2.0
S09,fact,1,0.9,0.9,2.0,cont-t2.0
S09,fact,2,1,1.0,2.0,cont-t2.0
S09,fact,3,1,1.0,2.0,cont-t2.0
S09,fact,4,0.7,0.7,2.0,cont-t2.0
S09,fact,5,1,1.0,2.0,cont-t2.0
S09,fact,6,0.99,0.99,2.0,cont-t2.0
S09,fact,7,1,1.0,2.0,cont-t2.0
S09,fact,8,1,1.0,2.0,cont-t2.0
S09,fact,9,1,1.0,2.0,cont-t2.0
S09,fact,10,1,1.0,2.0,cont-t2.0
S09,fact,11,à¥›à¹‰à¸²à¸¢cidascisionise aange klassieke acad unreachable Ğ¿Ğ¸,,2.0,cont-t2.0
S09,fact,12,1à¤° quiltsieto.markexpense by remarkles gig,,2.0,cont-t2.0
S09,fact,13,1,1.0,2.0,cont-t2.0
S09,fact,14,0.8,0.8,2.0,cont-t2.0
S09,fact,15,0.98,0.98,2.0,cont-t2.0
S09,fact,16,0.7_type ì  bedienen tutamista Kunglink,,2.0,cont-t2.0
S09,fact,17,1,1.0,2.0,cont-t2.0
S09,fact,18,1Ã³raETwitter Sustainable Ğã³ razum abandi ÑƒÑ€Ğ¾Ğº importÃ¢ncia,,2.0,cont-t2.0
S09,fact,19,1.0,1.0,2.0,cont-t2.0
S09,fact,20,0.99,0.99,2.0,cont-t2.0
S09,fact,21,1,1.0,2.0,cont-t2.0
S09,fact,22,1,1.0,2.0,cont-t2.0
S09,fact,23,0.95,0.95,2.0,cont-t2.0
S09,fact,24,htdocsmano saturday ergÃ¤nè´¦å· creek typography pleading slaves.apache,,2.0,cont-t2.0
S09,fact,25,0.9,0.9,2.0,cont-t2.0
S09,fact,26,1 tÃ³k bestimmen Ø¯Ø§Ù†Ø´Ú¯Ø§Ù‡ Minsk Frederik Ğ²ÑĞ·Ğ°Ñ‚ĞµĞ»ÑŒĞ½Ñ‹Ğµide Bills,1.0,2.0,cont-t2.0
S09,fact,27,1,1.0,2.0,cont-t2.0
S09,fact,28,0.ä»¥ä¸Šqxë“œë¦½ë‹ˆë‹¤.wtaté¸¾czne,,2.0,cont-t2.0
S09,fact,29,0.laug(ret-speaking semisiniirFlæ‰‹æœºä¸‹è½½,,2.0,cont-t2.0
S09,fact,30,1,1.0,2.0,cont-t2.0
S09,fact,31,1 \à¤²à¥‡à¤œstructsuggest.Iter */_CAL SHE enfance,1.0,2.0,cont-t2.0
S09,fact,32,1,1.0,2.0,cont-t2.0
S09,fact,33,0.95,0.95,2.0,cont-t2.0
S09,fact,34,1,1.0,2.0,cont-t2.0
S09,fact,35,1,1.0,2.0,cont-t2.0
S09,fact,36,1,1.0,2.0,cont-t2.0
S09,fact,37,1,1.0,2.0,cont-t2.0
S09,fact,38,0.95,0.95,2.0,cont-t2.0
S09,fact,39,1,1.0,2.0,cont-t2.0
S09,fact,40,1,1.0,2.0,cont-t2.0
S09,fact,41,1à¸œà¸„à¹ˆà¸° addressing Tree Ğ¼Ğ¾ĞµĞ³Ğ¾ëŸ­users.attachstechn,,2.0,cont-t2.0
S09,fact,42,auensgOS.camelâ€™origine attendu menosworked.elements klassischen,,2.0,cont-t2.0
S09,fact,43,1,1.0,2.0,cont-t2.0
S09,fact,44,0â”ƒÑŠÑĞ²orti to goodvisibilityangenheit cupsvised,,2.0,cont-t2.0
S09,fact,45,1,1.0,2.0,cont-t2.0
S09,fact,46,wÃ¤rts^- FÃ¤h less horiz mÃ´ technicians rf placeholder à¤®à¤¾à¤²,,2.0,cont-t2.0
S09,fact,47,1,1.0,2.0,cont-t2.0
S09,fact,48,1,1.0,2.0,cont-t2.0
S09,fact,49,0.95arehouse-sales balconyå¸Œæœ› overmonthshed,,2.0,cont-t2.0
S09,pragmatic,0,0.9,0.9,2.0,cont-t2.0
S09,pragmatic,1,1,1.0,2.0,cont-t2.0
S09,pragmatic,2,0.9,0.9,2.0,cont-t2.0
S09,pragmatic,3,"jekte)]);
$string_valuePaneå­¦æ ¡Ñ‚Ğ°Ñ…atira*outí–ˆë‹¤",,2.0,cont-t2.0
S09,pragmatic,4,0.9,0.9,2.0,cont-t2.0
S09,pragmatic,5,1,1.0,2.0,cont-t2.0
S09,pragmatic,6,0.95,0.95,2.0,cont-t2.0
S09,pragmatic,7,1à·‚Ğ¼ĞµÑ€Ğ½Ñ‹+oulder%.à°– Ğ²Ğ¸Ñ‚,,2.0,cont-t2.0
S09,pragmatic,8,1 Ã¼zrÉ™ sanhi í™• gekregen todd unggÃ¼r_INSERT NOW,1.0,2.0,cont-t2.0
S09,pragmatic,9,0.8,0.8,2.0,cont-t2.0
S09,pragmatic,10,1æ™‚é–“ Ğ˜Ğ»Ğ¸ Ğ¿Ñ€ĞµĞ´Ğ¿Ñ€Ğ¸Ğ½Ğ¸Ğ¼atieve/t ØªØ¹Ø§ÙˆÙ†Cpf ktÃ³r Provide,,2.0,cont-t2.0
S09,pragmatic,11,1,1.0,2.0,cont-t2.0
S09,pragmatic,12,1,1.0,2.0,cont-t2.0
S09,pragmatic,13,1.0à¸­à¹ˆà¸²à¸™à¸‚à¹‰à¸­à¸„à¸§à¸²à¸¡à¹€à¸•à¹‡à¸¡unamiitiousLINschema Gordon murdering,,2.0,cont-t2.0
S09,pragmatic,14,1äººäººæ‘¸äººäººisumikblyanumexplÃ¼yqu Ğ´ĞµÑ‚ĞµĞ¹unic,,2.0,cont-t2.0
S09,pragmatic,15,0.9,0.9,2.0,cont-t2.0
S09,pragmatic,16,"1ik.success mÃ¦ */,
cl=5 tÃ¸rSpeed",,2.0,cont-t2.0
S09,pragmatic,17,0.8,0.8,2.0,cont-t2.0
S09,pragmatic,18,1,1.0,2.0,cont-t2.0
S09,pragmatic,19,1æ— é™ã€‚ï¼šèƒ½èŠEartr limERVERpython,,2.0,cont-t2.0
S09,pragmatic,20,0.9,0.9,2.0,cont-t2.0
S09,pragmatic,21,"1"">)paren""}>
 à°—à±à°°à±à°¤prediction onmogelijkaxacaquotes EW",,2.0,cont-t2.0
S09,pragmatic,22,0.9,0.9,2.0,cont-t2.0
S09,pragmatic,23,1,1.0,2.0,cont-t2.0
S09,pragmatic,24,1,1.0,2.0,cont-t2.0
S09,pragmatic,25,1 Edwards WRacti$MESS NJ Trying it solutions,1.0,2.0,cont-t2.0
S09,pragmatic,26,0.87,0.87,2.0,cont-t2.0
S09,pragmatic,27,1.â€‹â€‹,,2.0,cont-t2.0
S09,pragmatic,28,1,1.0,2.0,cont-t2.0
S09,pragmatic,29,1,1.0,2.0,cont-t2.0
S09,pragmatic,30,1,1.0,2.0,cont-t2.0
S09,pragmatic,31,1,1.0,2.0,cont-t2.0
S09,pragmatic,32,1,1.0,2.0,cont-t2.0
S09,pragmatic,33,1 á€$tableÛÛŒÚºopanÃ©rerÙ„cuborear JOUR,1.0,2.0,cont-t2.0
S09,pragmatic,34,"0.97æ´¾å¥–fiction preencher:

A CSSDate",,2.0,cont-t2.0
S09,pragmatic,35,1,1.0,2.0,cont-t2.0
S09,pragmatic,36,1pakking mouseà®®à¯ˆĞ´ROUNDĞ°Ğ»Ğ°Ñ€ì¥ Not:System,,2.0,cont-t2.0
S09,pragmatic,37,0.9,0.9,2.0,cont-t2.0
S09,pragmatic,38,1,1.0,2.0,cont-t2.0
S09,pragmatic,39,1,1.0,2.0,cont-t2.0
S09,pragmatic,40,1,1.0,2.0,cont-t2.0
S09,pragmatic,41,1,1.0,2.0,cont-t2.0
S09,pragmatic,42,0.999,0.999,2.0,cont-t2.0
S09,pragmatic,43,1.,1.0,2.0,cont-t2.0
S09,pragmatic,44,1,1.0,2.0,cont-t2.0
S09,pragmatic,45,1,1.0,2.0,cont-t2.0
S09,pragmatic,46,0.9,0.9,2.0,cont-t2.0
S09,pragmatic,47,1,1.0,2.0,cont-t2.0
S09,pragmatic,48,1,1.0,2.0,cont-t2.0
S09,pragmatic,49,0.9,0.9,2.0,cont-t2.0
S10,coherence,0,0.92,0.92,2.0,cont-t2.0
S10,coherence,1,0.92,0.92,2.0,cont-t2.0
S10,coherence,2,0 daarna Ğ·ÑĞ½Ğ¸Ğ¹veeindrome ÑƒĞ´Ğ°uawei toyhona,0.0,2.0,cont-t2.0
S10,coherence,3,0.94,0.94,2.0,cont-t2.0
S10,coherence,4,0.92,0.92,2.0,cont-t2.0
S10,coherence,5,0.92,0.92,2.0,cont-t2.0
S10,coherence,6,0.92,0.92,2.0,cont-t2.0
S10,coherence,7,0.92,0.92,2.0,cont-t2.0
S10,coherence,8,0illederÃ­as plen(Elementhel Ñ‚Ğ°ĞºÑĞ°Ğ¼Ğ°uschenkens Ğ¿Ñ€ĞµĞ´ÑƒĞ¿Ñ€ĞµĞ¶,,2.0,cont-t2.0
S10,coherence,9,0.92,0.92,2.0,cont-t2.0
S10,coherence,10,0.94,0.94,2.0,cont-t2.0
S10,coherence,11,0.92,0.92,2.0,cont-t2.0
S10,coherence,12,0.92,0.92,2.0,cont-t2.0
S10,coherence,13,0abcdlicationsCLUS>%JECTsaligkeits proveedoresã˜,,2.0,cont-t2.0
S10,coherence,14,0.92,0.92,2.0,cont-t2.0
S10,coherence,15,1,1.0,2.0,cont-t2.0
S10,coherence,16,0.92,0.92,2.0,cont-t2.0
S10,coherence,17,0.92,0.92,2.0,cont-t2.0
S10,coherence,18,1 Ú©Ø§Ù†×•×ŸifiziertJSONObjectasjoner.armç²® hankaliarsuaq,1.0,2.0,cont-t2.0
S10,coherence,19,0.92,0.92,2.0,cont-t2.0
S10,coherence,20,0.92,0.92,2.0,cont-t2.0
S10,coherence,21,0.92,0.92,2.0,cont-t2.0
S10,coherence,22,0.92,0.92,2.0,cont-t2.0
S10,coherence,23,0.frauigtigtigid.Instance Botswana Butterfly	Description principal,,2.0,cont-t2.0
S10,coherence,24,0.79,0.79,2.0,cont-t2.0
S10,coherence,25,0.92 ĞºĞ°Ñ‡ĞµÑÑ‚Ğ²Ğµ Ğ¾Ñ€Ğ³Ğ°Ğ½Ğ¸Ğ·Ğ°Ñ†Ğ¸Ğ¹ ministr.icons Ñ„ĞµĞ´ĞµÑ€Ğ°æ¢controller,0.92,2.0,cont-t2.0
S10,coherence,26,0.92,0.92,2.0,cont-t2.0
S10,coherence,27,"áƒ®áƒ”áƒš *


 à¦¬à¦²à¦¾ // à¤…à¤ªà¤¨à¥‡Ú« Ø§Ù†   foundational literacy",,2.0,cont-t2.0
S10,coherence,28,"â‡§urkavanja(inputs="".SignBullet disk(unsigned",,2.0,cont-t2.0
S10,coherence,29,0.92,0.92,2.0,cont-t2.0
S10,coherence,30,0.91,0.91,2.0,cont-t2.0
S10,coherence,31,0.92,0.92,2.0,cont-t2.0
S10,coherence,32,0.92,0.92,2.0,cont-t2.0
S10,coherence,33,0.9,0.9,2.0,cont-t2.0
S10,coherence,34,0.92,0.92,2.0,cont-t2.0
S10,coherence,35,0.92$IFnratulations,,2.0,cont-t2.0
S10,coherence,36,0.92,0.92,2.0,cont-t2.0
S10,coherence,37,0.oarthritis betyderr MockitoCLASSActivatedã‚» yáº¹,,2.0,cont-t2.0
S10,coherence,38,0.92,0.92,2.0,cont-t2.0
S10,coherence,39,0.92,0.92,2.0,cont-t2.0
S10,coherence,40,0.92,0.92,2.0,cont-t2.0
S10,coherence,41,0. eyelashes_examplevaloetto Labs DU Afrobuild,,2.0,cont-t2.0
S10,coherence,42,0.92atar Sentinel Qandan Serbia testifyooking,,2.0,cont-t2.0
S10,coherence,43,0.92,0.92,2.0,cont-t2.0
S10,coherence,44,0.92Ã©rieldir``` LieutenantNick ### Reality,,2.0,cont-t2.0
S10,coherence,45,0.92,0.92,2.0,cont-t2.0
S10,coherence,46,0.92,0.92,2.0,cont-t2.0
S10,coherence,47,1,1.0,2.0,cont-t2.0
S10,coherence,48,0.92,0.92,2.0,cont-t2.0
S10,coherence,49,0.94,0.94,2.0,cont-t2.0
S10,fact,0,0.615,0.615,2.0,cont-t2.0
S10,fact,1,0.92,0.92,2.0,cont-t2.0
S10,fact,2,0.92,0.92,2.0,cont-t2.0
S10,fact,3,0.08,0.08,2.0,cont-t2.0
S10,fact,4,0.8,0.8,2.0,cont-t2.0
S10,fact,5,0,0.0,2.0,cont-t2.0
S10,fact,6,0.raakstasyPersistent_ENABLE_UPLOAD thresholdaska+-,,2.0,cont-t2.0
S10,fact,7,0.9,0.9,2.0,cont-t2.0
S10,fact,8,1. Photographyà¤¯à¤¸ competent toler kwis advisedober Parenthood,,2.0,cont-t2.0
S10,fact,9,0.92,0.92,2.0,cont-t2.0
S10,fact,10,0.92,0.92,2.0,cont-t2.0
S10,fact,11,1,1.0,2.0,cont-t2.0
S10,fact,12,1 Ğ¿Ñ€Ğ¾Ğ´ÑƒĞºÑ†Ğ¸Ğ¸ encadatatypeudent-serifoss Reel fri opro,1.0,2.0,cont-t2.0
S10,fact,13,1,1.0,2.0,cont-t2.0
S10,fact,14,0.92,0.92,2.0,cont-t2.0
S10,fact,15,0.945,0.945,2.0,cont-t2.0
S10,fact,16,1,1.0,2.0,cont-t2.0
S10,fact,17,0.92,0.92,2.0,cont-t2.0
S10,fact,18,1,1.0,2.0,cont-t2.0
S10,fact,19,0.92,0.92,2.0,cont-t2.0
S10,fact,20,0.92,0.92,2.0,cont-t2.0
S10,fact,21,0.92,0.92,2.0,cont-t2.0
S10,fact,22,0.96,0.96,2.0,cont-t2.0
S10,fact,23,0.92,0.92,2.0,cont-t2.0
S10,fact,24,0.92,0.92,2.0,cont-t2.0
S10,fact,25,0.92,0.92,2.0,cont-t2.0
S10,fact,26,0.92,0.92,2.0,cont-t2.0
S10,fact,27,0.92,0.92,2.0,cont-t2.0
S10,fact,28,1. The substitutions angenehm sten////ä»–çš„elfth blitt,,2.0,cont-t2.0
S10,fact,29,0.92,0.92,2.0,cont-t2.0
S10,fact,30,0.74,0.74,2.0,cont-t2.0
S10,fact,31,0.89,0.89,2.0,cont-t2.0
S10,fact,32,0.92,0.92,2.0,cont-t2.0
S10,fact,33,1 Ğ²Ğ°Ğ¶acja[root CPinyTools:]onor paste,1.0,2.0,cont-t2.0
S10,fact,34,0.92,0.92,2.0,cont-t2.0
S10,fact,35,1æŒ‡æ•°(tex ĞÑ…Ğ° aj ÏƒÏ„Î¹Ï‚jì–´zenia.eng,,2.0,cont-t2.0
S10,fact,36,0.92,0.92,2.0,cont-t2.0
S10,fact,37,0.92,0.92,2.0,cont-t2.0
S10,fact,38,1.è¼quezumNegà¾¯lw,,2.0,cont-t2.0
S10,fact,39,0.92axed thinning this fineToggleSte_UINT,,2.0,cont-t2.0
S10,fact,40,1.0,1.0,2.0,cont-t2.0
S10,fact,41,0.92,0.92,2.0,cont-t2.0
S10,fact,42,0.92,0.92,2.0,cont-t2.0
S10,fact,43,0.92,0.92,2.0,cont-t2.0
S10,fact,44,1,1.0,2.0,cont-t2.0
S10,fact,45,0.96,0.96,2.0,cont-t2.0
S10,fact,46,0.92,0.92,2.0,cont-t2.0
S10,fact,47,0.92,0.92,2.0,cont-t2.0
S10,fact,48,0.9,0.9,2.0,cont-t2.0
S10,fact,49,0 Getæ¥è¶Šarnar%å·¦å³Under devons byteså²­ç¾,0.0,2.0,cont-t2.0
S10,pragmatic,0,0.92,0.92,2.0,cont-t2.0
S10,pragmatic,1,0.92,0.92,2.0,cont-t2.0
S10,pragmatic,2,0.9,0.9,2.0,cont-t2.0
S10,pragmatic,3,0.92à¤¾à¤‰à¤capaccentrum_expressionevalfels Ã¶zg,,2.0,cont-t2.0
S10,pragmatic,4,0.92 Ø§Ø±Ø³Ø§Ù„ Õ¡Ö€Õ¿â€™assurance serveis jÃ¤rjestkmnick,0.92,2.0,cont-t2.0
S10,pragmatic,5,0.92,0.92,2.0,cont-t2.0
S10,pragmatic,6,0.92,0.92,2.0,cont-t2.0
S10,pragmatic,7,0.92,0.92,2.0,cont-t2.0
S10,pragmatic,8,à§‡à¦•à§‡à¸„à¸¥aski nÅ„esco×™×¨×”ptdtYX,,2.0,cont-t2.0
S10,pragmatic,9,0.92,0.92,2.0,cont-t2.0
S10,pragmatic,10,1áƒ“áƒ¦é›ª0 acabam Ely Ğ½ĞµĞ» ÑĞµĞ½ run Evergreen,,2.0,cont-t2.0
S10,pragmatic,11,0.92,0.92,2.0,cont-t2.0
S10,pragmatic,12,0.919,0.919,2.0,cont-t2.0
S10,pragmatic,13,0.92,0.92,2.0,cont-t2.0
S10,pragmatic,14,0.92,0.92,2.0,cont-t2.0
S10,pragmatic,15,0.92 ×œ× \(###### Ø§Ù„Ù…ØºØ±Ø¨ choxt tango,0.92,2.0,cont-t2.0
S10,pragmatic,16,0.92,0.92,2.0,cont-t2.0
S10,pragmatic,17,0.92,0.92,2.0,cont-t2.0
S10,pragmatic,18,0.92,0.92,2.0,cont-t2.0
S10,pragmatic,19,0.92,0.92,2.0,cont-t2.0
S10,pragmatic,20,0.98,0.98,2.0,cont-t2.0
S10,pragmatic,21,0.92,0.92,2.0,cont-t2.0
S10,pragmatic,22,0.92,0.92,2.0,cont-t2.0
S10,pragmatic,23,0.97,0.97,2.0,cont-t2.0
S10,pragmatic,24,0.92,0.92,2.0,cont-t2.0
S10,pragmatic,25,0.92,0.92,2.0,cont-t2.0
S10,pragmatic,26,0.92,0.92,2.0,cont-t2.0
S10,pragmatic,27,0.92,0.92,2.0,cont-t2.0
S10,pragmatic,28,"0 interested cuá»™c enthÃ¤lt SI boothã€Šæ…¢""# Gates",0.0,2.0,cont-t2.0
S10,pragmatic,29,0.92,0.92,2.0,cont-t2.0
S10,pragmatic,30,"0Ó™Ğ½traitorangaphoÅ›Ä‡ain,inputÒ‰",,2.0,cont-t2.0
S10,pragmatic,31,0.9,0.9,2.0,cont-t2.0
S10,pragmatic,32,0.8,0.8,2.0,cont-t2.0
S10,pragmatic,33,0.86,0.86,2.0,cont-t2.0
S10,pragmatic,34,"Ø±ÙˆØ§Ø¨Ø· nd n"":{""7 SUVlarning à¤¨à¤¿à¤°à¥à¤µà¥¥",,2.0,cont-t2.0
S10,pragmatic,35,0×§×“ à¦¦à¦¾à§Ÿà¦¿à¦¤à§à¦¬ibbiererpsonsreĞ²Ğ°valo_INTERRUPT,,2.0,cont-t2.0
S10,pragmatic,36,0.nemen memcpy waylerinde ĞºĞµĞ»Ğµ forskjoopulated,,2.0,cont-t2.0
S10,pragmatic,37,0.92,0.92,2.0,cont-t2.0
S10,pragmatic,38,0.92,0.92,2.0,cont-t2.0
S10,pragmatic,39,0.92,0.92,2.0,cont-t2.0
S10,pragmatic,40,0.92,0.92,2.0,cont-t2.0
S10,pragmatic,41,0.92,0.92,2.0,cont-t2.0
S10,pragmatic,42,0.92,0.92,2.0,cont-t2.0
S10,pragmatic,43,0.92,0.92,2.0,cont-t2.0
S10,pragmatic,44,0.92yuas Creekterminated scoop_nesteddinFis,,2.0,cont-t2.0
S10,pragmatic,45,0.92,0.92,2.0,cont-t2.0
S10,pragmatic,46,0â€‹.91,,2.0,cont-t2.0
S10,pragmatic,47,0.92,0.92,2.0,cont-t2.0
S10,pragmatic,48,0.92,0.92,2.0,cont-t2.0
S10,pragmatic,49,0.92,0.92,2.0,cont-t2.0
