scenario_id,proxy,run_idx,raw,score,temperature,run_name
S01,coherence,0,0.5,0.5,0.8,disc-t0.8
S01,coherence,1,0.5,0.5,0.8,disc-t0.8
S01,coherence,2,0.5,0.5,0.8,disc-t0.8
S01,coherence,3,0.5,0.5,0.8,disc-t0.8
S01,coherence,4,0.5,0.5,0.8,disc-t0.8
S01,coherence,5,0.5,0.5,0.8,disc-t0.8
S01,coherence,6,0.5,0.5,0.8,disc-t0.8
S01,coherence,7,0.5,0.5,0.8,disc-t0.8
S01,coherence,8,0,0.0,0.8,disc-t0.8
S01,coherence,9,0.5,0.5,0.8,disc-t0.8
S01,coherence,10,0.5,0.5,0.8,disc-t0.8
S01,coherence,11,0.5,0.5,0.8,disc-t0.8
S01,coherence,12,0.5,0.5,0.8,disc-t0.8
S01,coherence,13,0.5,0.5,0.8,disc-t0.8
S01,coherence,14,0.5,0.5,0.8,disc-t0.8
S01,coherence,15,0.5,0.5,0.8,disc-t0.8
S01,coherence,16,0,0.0,0.8,disc-t0.8
S01,coherence,17,0,0.0,0.8,disc-t0.8
S01,coherence,18,0.5,0.5,0.8,disc-t0.8
S01,coherence,19,0.5,0.5,0.8,disc-t0.8
S01,coherence,20,0.5,0.5,0.8,disc-t0.8
S01,coherence,21,0.5,0.5,0.8,disc-t0.8
S01,coherence,22,0.5,0.5,0.8,disc-t0.8
S01,coherence,23,0.5,0.5,0.8,disc-t0.8
S01,coherence,24,0.5,0.5,0.8,disc-t0.8
S01,coherence,25,0.5,0.5,0.8,disc-t0.8
S01,coherence,26,0.5,0.5,0.8,disc-t0.8
S01,coherence,27,0.5,0.5,0.8,disc-t0.8
S01,coherence,28,0.5,0.5,0.8,disc-t0.8
S01,coherence,29,0.5,0.5,0.8,disc-t0.8
S01,coherence,30,0.5,0.5,0.8,disc-t0.8
S01,coherence,31,0.5,0.5,0.8,disc-t0.8
S01,coherence,32,0.5,0.5,0.8,disc-t0.8
S01,coherence,33,0.5,0.5,0.8,disc-t0.8
S01,coherence,34,0.5,0.5,0.8,disc-t0.8
S01,coherence,35,0.5,0.5,0.8,disc-t0.8
S01,coherence,36,0.5,0.5,0.8,disc-t0.8
S01,coherence,37,0.5,0.5,0.8,disc-t0.8
S01,coherence,38,0.5,0.5,0.8,disc-t0.8
S01,coherence,39,0.5,0.5,0.8,disc-t0.8
S01,coherence,40,0.5,0.5,0.8,disc-t0.8
S01,coherence,41,0,0.0,0.8,disc-t0.8
S01,coherence,42,0.5,0.5,0.8,disc-t0.8
S01,coherence,43,0,0.0,0.8,disc-t0.8
S01,coherence,44,0.5,0.5,0.8,disc-t0.8
S01,coherence,45,0,0.0,0.8,disc-t0.8
S01,coherence,46,0.5,0.5,0.8,disc-t0.8
S01,coherence,47,0.5,0.5,0.8,disc-t0.8
S01,coherence,48,0.5,0.5,0.8,disc-t0.8
S01,coherence,49,0.5,0.5,0.8,disc-t0.8
S01,fact,0,0.5,0.5,0.8,disc-t0.8
S01,fact,1,0.5,0.5,0.8,disc-t0.8
S01,fact,2,0.5,0.5,0.8,disc-t0.8
S01,fact,3,0.5,0.5,0.8,disc-t0.8
S01,fact,4,0,0.0,0.8,disc-t0.8
S01,fact,5,0,0.0,0.8,disc-t0.8
S01,fact,6,0.5,0.5,0.8,disc-t0.8
S01,fact,7,0.5,0.5,0.8,disc-t0.8
S01,fact,8,0.5,0.5,0.8,disc-t0.8
S01,fact,9,0.5,0.5,0.8,disc-t0.8
S01,fact,10,0.5,0.5,0.8,disc-t0.8
S01,fact,11,0.5,0.5,0.8,disc-t0.8
S01,fact,12,0.5,0.5,0.8,disc-t0.8
S01,fact,13,0.5,0.5,0.8,disc-t0.8
S01,fact,14,0.5,0.5,0.8,disc-t0.8
S01,fact,15,0.5,0.5,0.8,disc-t0.8
S01,fact,16,0.5,0.5,0.8,disc-t0.8
S01,fact,17,0.5,0.5,0.8,disc-t0.8
S01,fact,18,0.5,0.5,0.8,disc-t0.8
S01,fact,19,0.5,0.5,0.8,disc-t0.8
S01,fact,20,0.5,0.5,0.8,disc-t0.8
S01,fact,21,0.5,0.5,0.8,disc-t0.8
S01,fact,22,0.5,0.5,0.8,disc-t0.8
S01,fact,23,0.5,0.5,0.8,disc-t0.8
S01,fact,24,0.5,0.5,0.8,disc-t0.8
S01,fact,25,0,0.0,0.8,disc-t0.8
S01,fact,26,0,0.0,0.8,disc-t0.8
S01,fact,27,0.5,0.5,0.8,disc-t0.8
S01,fact,28,0.5,0.5,0.8,disc-t0.8
S01,fact,29,0.5,0.5,0.8,disc-t0.8
S01,fact,30,0.5,0.5,0.8,disc-t0.8
S01,fact,31,0.5,0.5,0.8,disc-t0.8
S01,fact,32,0.5,0.5,0.8,disc-t0.8
S01,fact,33,0.5,0.5,0.8,disc-t0.8
S01,fact,34,0,0.0,0.8,disc-t0.8
S01,fact,35,0.5,0.5,0.8,disc-t0.8
S01,fact,36,0.5,0.5,0.8,disc-t0.8
S01,fact,37,0.5,0.5,0.8,disc-t0.8
S01,fact,38,0.5,0.5,0.8,disc-t0.8
S01,fact,39,0.5,0.5,0.8,disc-t0.8
S01,fact,40,0.5,0.5,0.8,disc-t0.8
S01,fact,41,0.5,0.5,0.8,disc-t0.8
S01,fact,42,0.5,0.5,0.8,disc-t0.8
S01,fact,43,0.5,0.5,0.8,disc-t0.8
S01,fact,44,0.5,0.5,0.8,disc-t0.8
S01,fact,45,0.5,0.5,0.8,disc-t0.8
S01,fact,46,0.5,0.5,0.8,disc-t0.8
S01,fact,47,0.5,0.5,0.8,disc-t0.8
S01,fact,48,0.5,0.5,0.8,disc-t0.8
S01,fact,49,0.5,0.5,0.8,disc-t0.8
S01,pragmatic,0,0.5,0.5,0.8,disc-t0.8
S01,pragmatic,1,0.5,0.5,0.8,disc-t0.8
S01,pragmatic,2,0.5,0.5,0.8,disc-t0.8
S01,pragmatic,3,0.5,0.5,0.8,disc-t0.8
S01,pragmatic,4,0.5,0.5,0.8,disc-t0.8
S01,pragmatic,5,0.5,0.5,0.8,disc-t0.8
S01,pragmatic,6,0.5,0.5,0.8,disc-t0.8
S01,pragmatic,7,0.5,0.5,0.8,disc-t0.8
S01,pragmatic,8,0.5,0.5,0.8,disc-t0.8
S01,pragmatic,9,0.5,0.5,0.8,disc-t0.8
S01,pragmatic,10,0.5,0.5,0.8,disc-t0.8
S01,pragmatic,11,0.5,0.5,0.8,disc-t0.8
S01,pragmatic,12,0.5,0.5,0.8,disc-t0.8
S01,pragmatic,13,0.5,0.5,0.8,disc-t0.8
S01,pragmatic,14,0.5,0.5,0.8,disc-t0.8
S01,pragmatic,15,0.5,0.5,0.8,disc-t0.8
S01,pragmatic,16,0.5,0.5,0.8,disc-t0.8
S01,pragmatic,17,0.5,0.5,0.8,disc-t0.8
S01,pragmatic,18,0.5,0.5,0.8,disc-t0.8
S01,pragmatic,19,0.5,0.5,0.8,disc-t0.8
S01,pragmatic,20,0,0.0,0.8,disc-t0.8
S01,pragmatic,21,0.5,0.5,0.8,disc-t0.8
S01,pragmatic,22,0.5,0.5,0.8,disc-t0.8
S01,pragmatic,23,0.5,0.5,0.8,disc-t0.8
S01,pragmatic,24,0.5,0.5,0.8,disc-t0.8
S01,pragmatic,25,0.5,0.5,0.8,disc-t0.8
S01,pragmatic,26,0.5,0.5,0.8,disc-t0.8
S01,pragmatic,27,0.5,0.5,0.8,disc-t0.8
S01,pragmatic,28,0.5,0.5,0.8,disc-t0.8
S01,pragmatic,29,0.5,0.5,0.8,disc-t0.8
S01,pragmatic,30,0.5,0.5,0.8,disc-t0.8
S01,pragmatic,31,0.5,0.5,0.8,disc-t0.8
S01,pragmatic,32,0.5,0.5,0.8,disc-t0.8
S01,pragmatic,33,0.5,0.5,0.8,disc-t0.8
S01,pragmatic,34,0.5,0.5,0.8,disc-t0.8
S01,pragmatic,35,0.5,0.5,0.8,disc-t0.8
S01,pragmatic,36,0.5,0.5,0.8,disc-t0.8
S01,pragmatic,37,0.5,0.5,0.8,disc-t0.8
S01,pragmatic,38,0.5,0.5,0.8,disc-t0.8
S01,pragmatic,39,0.5,0.5,0.8,disc-t0.8
S01,pragmatic,40,0,0.0,0.8,disc-t0.8
S01,pragmatic,41,0.5,0.5,0.8,disc-t0.8
S01,pragmatic,42,0.5,0.5,0.8,disc-t0.8
S01,pragmatic,43,0.5,0.5,0.8,disc-t0.8
S01,pragmatic,44,0.5,0.5,0.8,disc-t0.8
S01,pragmatic,45,0.5,0.5,0.8,disc-t0.8
S01,pragmatic,46,0.5,0.5,0.8,disc-t0.8
S01,pragmatic,47,0.5,0.5,0.8,disc-t0.8
S01,pragmatic,48,0.5,0.5,0.8,disc-t0.8
S01,pragmatic,49,0.5,0.5,0.8,disc-t0.8
S02,coherence,0,0.5,0.5,0.8,disc-t0.8
S02,coherence,1,0.5,0.5,0.8,disc-t0.8
S02,coherence,2,0.5,0.5,0.8,disc-t0.8
S02,coherence,3,0.5,0.5,0.8,disc-t0.8
S02,coherence,4,0.5,0.5,0.8,disc-t0.8
S02,coherence,5,0.5,0.5,0.8,disc-t0.8
S02,coherence,6,0,0.0,0.8,disc-t0.8
S02,coherence,7,0.5,0.5,0.8,disc-t0.8
S02,coherence,8,0.5,0.5,0.8,disc-t0.8
S02,coherence,9,0.5,0.5,0.8,disc-t0.8
S02,coherence,10,0,0.0,0.8,disc-t0.8
S02,coherence,11,0.5,0.5,0.8,disc-t0.8
S02,coherence,12,0.5,0.5,0.8,disc-t0.8
S02,coherence,13,0.5,0.5,0.8,disc-t0.8
S02,coherence,14,0,0.0,0.8,disc-t0.8
S02,coherence,15,0.5,0.5,0.8,disc-t0.8
S02,coherence,16,0.5,0.5,0.8,disc-t0.8
S02,coherence,17,0.5,0.5,0.8,disc-t0.8
S02,coherence,18,0,0.0,0.8,disc-t0.8
S02,coherence,19,0.5,0.5,0.8,disc-t0.8
S02,coherence,20,0.5,0.5,0.8,disc-t0.8
S02,coherence,21,0.5,0.5,0.8,disc-t0.8
S02,coherence,22,0.5,0.5,0.8,disc-t0.8
S02,coherence,23,0.5,0.5,0.8,disc-t0.8
S02,coherence,24,0.5,0.5,0.8,disc-t0.8
S02,coherence,25,0.5,0.5,0.8,disc-t0.8
S02,coherence,26,0.5,0.5,0.8,disc-t0.8
S02,coherence,27,0.5,0.5,0.8,disc-t0.8
S02,coherence,28,0.5,0.5,0.8,disc-t0.8
S02,coherence,29,0.5,0.5,0.8,disc-t0.8
S02,coherence,30,0.5,0.5,0.8,disc-t0.8
S02,coherence,31,0.5,0.5,0.8,disc-t0.8
S02,coherence,32,0.5,0.5,0.8,disc-t0.8
S02,coherence,33,0.5,0.5,0.8,disc-t0.8
S02,coherence,34,0.5,0.5,0.8,disc-t0.8
S02,coherence,35,0.5,0.5,0.8,disc-t0.8
S02,coherence,36,0.5,0.5,0.8,disc-t0.8
S02,coherence,37,0.5,0.5,0.8,disc-t0.8
S02,coherence,38,0.5,0.5,0.8,disc-t0.8
S02,coherence,39,0,0.0,0.8,disc-t0.8
S02,coherence,40,0.5,0.5,0.8,disc-t0.8
S02,coherence,41,0.5,0.5,0.8,disc-t0.8
S02,coherence,42,0.5,0.5,0.8,disc-t0.8
S02,coherence,43,0,0.0,0.8,disc-t0.8
S02,coherence,44,0.5,0.5,0.8,disc-t0.8
S02,coherence,45,0.5,0.5,0.8,disc-t0.8
S02,coherence,46,0.5,0.5,0.8,disc-t0.8
S02,coherence,47,0.5,0.5,0.8,disc-t0.8
S02,coherence,48,0.5,0.5,0.8,disc-t0.8
S02,coherence,49,0,0.0,0.8,disc-t0.8
S02,fact,0,0.5,0.5,0.8,disc-t0.8
S02,fact,1,0,0.0,0.8,disc-t0.8
S02,fact,2,0.5,0.5,0.8,disc-t0.8
S02,fact,3,0,0.0,0.8,disc-t0.8
S02,fact,4,0,0.0,0.8,disc-t0.8
S02,fact,5,0,0.0,0.8,disc-t0.8
S02,fact,6,0.5,0.5,0.8,disc-t0.8
S02,fact,7,0.5,0.5,0.8,disc-t0.8
S02,fact,8,0.5,0.5,0.8,disc-t0.8
S02,fact,9,0.5,0.5,0.8,disc-t0.8
S02,fact,10,0.5,0.5,0.8,disc-t0.8
S02,fact,11,0.5,0.5,0.8,disc-t0.8
S02,fact,12,0,0.0,0.8,disc-t0.8
S02,fact,13,0,0.0,0.8,disc-t0.8
S02,fact,14,0,0.0,0.8,disc-t0.8
S02,fact,15,0,0.0,0.8,disc-t0.8
S02,fact,16,0.5,0.5,0.8,disc-t0.8
S02,fact,17,0.5,0.5,0.8,disc-t0.8
S02,fact,18,0,0.0,0.8,disc-t0.8
S02,fact,19,0.5,0.5,0.8,disc-t0.8
S02,fact,20,0.5,0.5,0.8,disc-t0.8
S02,fact,21,0.5,0.5,0.8,disc-t0.8
S02,fact,22,0.5,0.5,0.8,disc-t0.8
S02,fact,23,0.5,0.5,0.8,disc-t0.8
S02,fact,24,0.5,0.5,0.8,disc-t0.8
S02,fact,25,0.5,0.5,0.8,disc-t0.8
S02,fact,26,0.5,0.5,0.8,disc-t0.8
S02,fact,27,0.5,0.5,0.8,disc-t0.8
S02,fact,28,0,0.0,0.8,disc-t0.8
S02,fact,29,0.5,0.5,0.8,disc-t0.8
S02,fact,30,0.5,0.5,0.8,disc-t0.8
S02,fact,31,0.5,0.5,0.8,disc-t0.8
S02,fact,32,0.5,0.5,0.8,disc-t0.8
S02,fact,33,0,0.0,0.8,disc-t0.8
S02,fact,34,0.5,0.5,0.8,disc-t0.8
S02,fact,35,0.5,0.5,0.8,disc-t0.8
S02,fact,36,0,0.0,0.8,disc-t0.8
S02,fact,37,0.5,0.5,0.8,disc-t0.8
S02,fact,38,0,0.0,0.8,disc-t0.8
S02,fact,39,0.5,0.5,0.8,disc-t0.8
S02,fact,40,0.5,0.5,0.8,disc-t0.8
S02,fact,41,0.5,0.5,0.8,disc-t0.8
S02,fact,42,0,0.0,0.8,disc-t0.8
S02,fact,43,0,0.0,0.8,disc-t0.8
S02,fact,44,0.5,0.5,0.8,disc-t0.8
S02,fact,45,0,0.0,0.8,disc-t0.8
S02,fact,46,0,0.0,0.8,disc-t0.8
S02,fact,47,0.5,0.5,0.8,disc-t0.8
S02,fact,48,0.5,0.5,0.8,disc-t0.8
S02,fact,49,0.5,0.5,0.8,disc-t0.8
S02,pragmatic,0,0.5,0.5,0.8,disc-t0.8
S02,pragmatic,1,0.5,0.5,0.8,disc-t0.8
S02,pragmatic,2,0.5,0.5,0.8,disc-t0.8
S02,pragmatic,3,0.5,0.5,0.8,disc-t0.8
S02,pragmatic,4,0.5,0.5,0.8,disc-t0.8
S02,pragmatic,5,0.5,0.5,0.8,disc-t0.8
S02,pragmatic,6,0.5,0.5,0.8,disc-t0.8
S02,pragmatic,7,0.5,0.5,0.8,disc-t0.8
S02,pragmatic,8,0.5,0.5,0.8,disc-t0.8
S02,pragmatic,9,0.5,0.5,0.8,disc-t0.8
S02,pragmatic,10,0.5,0.5,0.8,disc-t0.8
S02,pragmatic,11,0.5,0.5,0.8,disc-t0.8
S02,pragmatic,12,0.5,0.5,0.8,disc-t0.8
S02,pragmatic,13,0,0.0,0.8,disc-t0.8
S02,pragmatic,14,0.5,0.5,0.8,disc-t0.8
S02,pragmatic,15,0,0.0,0.8,disc-t0.8
S02,pragmatic,16,0.5,0.5,0.8,disc-t0.8
S02,pragmatic,17,0.5,0.5,0.8,disc-t0.8
S02,pragmatic,18,0.5,0.5,0.8,disc-t0.8
S02,pragmatic,19,0.5,0.5,0.8,disc-t0.8
S02,pragmatic,20,0.5,0.5,0.8,disc-t0.8
S02,pragmatic,21,0.5,0.5,0.8,disc-t0.8
S02,pragmatic,22,0.5,0.5,0.8,disc-t0.8
S02,pragmatic,23,0.5,0.5,0.8,disc-t0.8
S02,pragmatic,24,0.5,0.5,0.8,disc-t0.8
S02,pragmatic,25,0.5,0.5,0.8,disc-t0.8
S02,pragmatic,26,0.5,0.5,0.8,disc-t0.8
S02,pragmatic,27,0.5,0.5,0.8,disc-t0.8
S02,pragmatic,28,0.5,0.5,0.8,disc-t0.8
S02,pragmatic,29,0.5,0.5,0.8,disc-t0.8
S02,pragmatic,30,0.5,0.5,0.8,disc-t0.8
S02,pragmatic,31,0.5,0.5,0.8,disc-t0.8
S02,pragmatic,32,0.5,0.5,0.8,disc-t0.8
S02,pragmatic,33,0.5,0.5,0.8,disc-t0.8
S02,pragmatic,34,0.5,0.5,0.8,disc-t0.8
S02,pragmatic,35,0.5,0.5,0.8,disc-t0.8
S02,pragmatic,36,0.5,0.5,0.8,disc-t0.8
S02,pragmatic,37,0.5,0.5,0.8,disc-t0.8
S02,pragmatic,38,0.5,0.5,0.8,disc-t0.8
S02,pragmatic,39,0.5,0.5,0.8,disc-t0.8
S02,pragmatic,40,0.5,0.5,0.8,disc-t0.8
S02,pragmatic,41,0.5,0.5,0.8,disc-t0.8
S02,pragmatic,42,0.5,0.5,0.8,disc-t0.8
S02,pragmatic,43,0.5,0.5,0.8,disc-t0.8
S02,pragmatic,44,0.5,0.5,0.8,disc-t0.8
S02,pragmatic,45,0.5,0.5,0.8,disc-t0.8
S02,pragmatic,46,0,0.0,0.8,disc-t0.8
S02,pragmatic,47,0.5,0.5,0.8,disc-t0.8
S02,pragmatic,48,0.5,0.5,0.8,disc-t0.8
S02,pragmatic,49,0.5,0.5,0.8,disc-t0.8
S03,coherence,0,0.5,0.5,0.8,disc-t0.8
S03,coherence,1,0,0.0,0.8,disc-t0.8
S03,coherence,2,0.5,0.5,0.8,disc-t0.8
S03,coherence,3,0,0.0,0.8,disc-t0.8
S03,coherence,4,0.5,0.5,0.8,disc-t0.8
S03,coherence,5,0.5,0.5,0.8,disc-t0.8
S03,coherence,6,0,0.0,0.8,disc-t0.8
S03,coherence,7,0,0.0,0.8,disc-t0.8
S03,coherence,8,0.5,0.5,0.8,disc-t0.8
S03,coherence,9,0,0.0,0.8,disc-t0.8
S03,coherence,10,0.5,0.5,0.8,disc-t0.8
S03,coherence,11,0,0.0,0.8,disc-t0.8
S03,coherence,12,0,0.0,0.8,disc-t0.8
S03,coherence,13,0,0.0,0.8,disc-t0.8
S03,coherence,14,0,0.0,0.8,disc-t0.8
S03,coherence,15,0,0.0,0.8,disc-t0.8
S03,coherence,16,0,0.0,0.8,disc-t0.8
S03,coherence,17,0,0.0,0.8,disc-t0.8
S03,coherence,18,0,0.0,0.8,disc-t0.8
S03,coherence,19,0,0.0,0.8,disc-t0.8
S03,coherence,20,0,0.0,0.8,disc-t0.8
S03,coherence,21,0,0.0,0.8,disc-t0.8
S03,coherence,22,0,0.0,0.8,disc-t0.8
S03,coherence,23,0.5,0.5,0.8,disc-t0.8
S03,coherence,24,0,0.0,0.8,disc-t0.8
S03,coherence,25,0.5,0.5,0.8,disc-t0.8
S03,coherence,26,0,0.0,0.8,disc-t0.8
S03,coherence,27,0,0.0,0.8,disc-t0.8
S03,coherence,28,0.5,0.5,0.8,disc-t0.8
S03,coherence,29,0,0.0,0.8,disc-t0.8
S03,coherence,30,0,0.0,0.8,disc-t0.8
S03,coherence,31,0,0.0,0.8,disc-t0.8
S03,coherence,32,0,0.0,0.8,disc-t0.8
S03,coherence,33,0,0.0,0.8,disc-t0.8
S03,coherence,34,0,0.0,0.8,disc-t0.8
S03,coherence,35,0,0.0,0.8,disc-t0.8
S03,coherence,36,0,0.0,0.8,disc-t0.8
S03,coherence,37,0.5,0.5,0.8,disc-t0.8
S03,coherence,38,0,0.0,0.8,disc-t0.8
S03,coherence,39,0,0.0,0.8,disc-t0.8
S03,coherence,40,0.5,0.5,0.8,disc-t0.8
S03,coherence,41,0,0.0,0.8,disc-t0.8
S03,coherence,42,0,0.0,0.8,disc-t0.8
S03,coherence,43,0,0.0,0.8,disc-t0.8
S03,coherence,44,0,0.0,0.8,disc-t0.8
S03,coherence,45,0,0.0,0.8,disc-t0.8
S03,coherence,46,0,0.0,0.8,disc-t0.8
S03,coherence,47,0,0.0,0.8,disc-t0.8
S03,coherence,48,0.5,0.5,0.8,disc-t0.8
S03,coherence,49,0.5,0.5,0.8,disc-t0.8
S03,fact,0,0,0.0,0.8,disc-t0.8
S03,fact,1,0,0.0,0.8,disc-t0.8
S03,fact,2,0,0.0,0.8,disc-t0.8
S03,fact,3,0.5,0.5,0.8,disc-t0.8
S03,fact,4,0,0.0,0.8,disc-t0.8
S03,fact,5,0,0.0,0.8,disc-t0.8
S03,fact,6,0,0.0,0.8,disc-t0.8
S03,fact,7,0,0.0,0.8,disc-t0.8
S03,fact,8,0,0.0,0.8,disc-t0.8
S03,fact,9,0,0.0,0.8,disc-t0.8
S03,fact,10,0,0.0,0.8,disc-t0.8
S03,fact,11,0,0.0,0.8,disc-t0.8
S03,fact,12,0,0.0,0.8,disc-t0.8
S03,fact,13,0,0.0,0.8,disc-t0.8
S03,fact,14,0,0.0,0.8,disc-t0.8
S03,fact,15,0,0.0,0.8,disc-t0.8
S03,fact,16,0,0.0,0.8,disc-t0.8
S03,fact,17,0,0.0,0.8,disc-t0.8
S03,fact,18,0,0.0,0.8,disc-t0.8
S03,fact,19,0,0.0,0.8,disc-t0.8
S03,fact,20,0,0.0,0.8,disc-t0.8
S03,fact,21,0,0.0,0.8,disc-t0.8
S03,fact,22,0,0.0,0.8,disc-t0.8
S03,fact,23,0,0.0,0.8,disc-t0.8
S03,fact,24,0,0.0,0.8,disc-t0.8
S03,fact,25,0,0.0,0.8,disc-t0.8
S03,fact,26,0,0.0,0.8,disc-t0.8
S03,fact,27,0,0.0,0.8,disc-t0.8
S03,fact,28,0,0.0,0.8,disc-t0.8
S03,fact,29,0,0.0,0.8,disc-t0.8
S03,fact,30,0,0.0,0.8,disc-t0.8
S03,fact,31,0,0.0,0.8,disc-t0.8
S03,fact,32,0,0.0,0.8,disc-t0.8
S03,fact,33,0,0.0,0.8,disc-t0.8
S03,fact,34,0,0.0,0.8,disc-t0.8
S03,fact,35,0,0.0,0.8,disc-t0.8
S03,fact,36,0,0.0,0.8,disc-t0.8
S03,fact,37,0,0.0,0.8,disc-t0.8
S03,fact,38,0,0.0,0.8,disc-t0.8
S03,fact,39,0,0.0,0.8,disc-t0.8
S03,fact,40,0,0.0,0.8,disc-t0.8
S03,fact,41,0,0.0,0.8,disc-t0.8
S03,fact,42,0,0.0,0.8,disc-t0.8
S03,fact,43,0,0.0,0.8,disc-t0.8
S03,fact,44,0,0.0,0.8,disc-t0.8
S03,fact,45,0,0.0,0.8,disc-t0.8
S03,fact,46,0,0.0,0.8,disc-t0.8
S03,fact,47,0,0.0,0.8,disc-t0.8
S03,fact,48,0,0.0,0.8,disc-t0.8
S03,fact,49,0.5,0.5,0.8,disc-t0.8
S03,pragmatic,0,0.5,0.5,0.8,disc-t0.8
S03,pragmatic,1,0,0.0,0.8,disc-t0.8
S03,pragmatic,2,0.5,0.5,0.8,disc-t0.8
S03,pragmatic,3,0,0.0,0.8,disc-t0.8
S03,pragmatic,4,0.5,0.5,0.8,disc-t0.8
S03,pragmatic,5,0.5,0.5,0.8,disc-t0.8
S03,pragmatic,6,0,0.0,0.8,disc-t0.8
S03,pragmatic,7,0.5,0.5,0.8,disc-t0.8
S03,pragmatic,8,0.5,0.5,0.8,disc-t0.8
S03,pragmatic,9,0,0.0,0.8,disc-t0.8
S03,pragmatic,10,0,0.0,0.8,disc-t0.8
S03,pragmatic,11,0,0.0,0.8,disc-t0.8
S03,pragmatic,12,0,0.0,0.8,disc-t0.8
S03,pragmatic,13,0,0.0,0.8,disc-t0.8
S03,pragmatic,14,0.5,0.5,0.8,disc-t0.8
S03,pragmatic,15,0,0.0,0.8,disc-t0.8
S03,pragmatic,16,0,0.0,0.8,disc-t0.8
S03,pragmatic,17,0,0.0,0.8,disc-t0.8
S03,pragmatic,18,0.5,0.5,0.8,disc-t0.8
S03,pragmatic,19,0.5,0.5,0.8,disc-t0.8
S03,pragmatic,20,0.5,0.5,0.8,disc-t0.8
S03,pragmatic,21,0,0.0,0.8,disc-t0.8
S03,pragmatic,22,0.5,0.5,0.8,disc-t0.8
S03,pragmatic,23,0.5,0.5,0.8,disc-t0.8
S03,pragmatic,24,0.5,0.5,0.8,disc-t0.8
S03,pragmatic,25,0.5,0.5,0.8,disc-t0.8
S03,pragmatic,26,0,0.0,0.8,disc-t0.8
S03,pragmatic,27,0.5,0.5,0.8,disc-t0.8
S03,pragmatic,28,0.5,0.5,0.8,disc-t0.8
S03,pragmatic,29,0,0.0,0.8,disc-t0.8
S03,pragmatic,30,0.5,0.5,0.8,disc-t0.8
S03,pragmatic,31,0.5,0.5,0.8,disc-t0.8
S03,pragmatic,32,0,0.0,0.8,disc-t0.8
S03,pragmatic,33,0.,,0.8,disc-t0.8
S03,pragmatic,34,0,0.0,0.8,disc-t0.8
S03,pragmatic,35,0.5,0.5,0.8,disc-t0.8
S03,pragmatic,36,0,0.0,0.8,disc-t0.8
S03,pragmatic,37,0,0.0,0.8,disc-t0.8
S03,pragmatic,38,0.5,0.5,0.8,disc-t0.8
S03,pragmatic,39,0.5,0.5,0.8,disc-t0.8
S03,pragmatic,40,0,0.0,0.8,disc-t0.8
S03,pragmatic,41,0.5,0.5,0.8,disc-t0.8
S03,pragmatic,42,0.5,0.5,0.8,disc-t0.8
S03,pragmatic,43,0.5,0.5,0.8,disc-t0.8
S03,pragmatic,44,0,0.0,0.8,disc-t0.8
S03,pragmatic,45,0,0.0,0.8,disc-t0.8
S03,pragmatic,46,0.5,0.5,0.8,disc-t0.8
S03,pragmatic,47,0.5,0.5,0.8,disc-t0.8
S03,pragmatic,48,0.5,0.5,0.8,disc-t0.8
S03,pragmatic,49,0.5,0.5,0.8,disc-t0.8
S04,coherence,0,0,0.0,0.8,disc-t0.8
S04,coherence,1,0,0.0,0.8,disc-t0.8
S04,coherence,2,0.5,0.5,0.8,disc-t0.8
S04,coherence,3,0.5,0.5,0.8,disc-t0.8
S04,coherence,4,0.5,0.5,0.8,disc-t0.8
S04,coherence,5,0.5,0.5,0.8,disc-t0.8
S04,coherence,6,0.5,0.5,0.8,disc-t0.8
S04,coherence,7,0.5,0.5,0.8,disc-t0.8
S04,coherence,8,0.5,0.5,0.8,disc-t0.8
S04,coherence,9,0.5,0.5,0.8,disc-t0.8
S04,coherence,10,0.5,0.5,0.8,disc-t0.8
S04,coherence,11,0.5,0.5,0.8,disc-t0.8
S04,coherence,12,0.5,0.5,0.8,disc-t0.8
S04,coherence,13,0.5,0.5,0.8,disc-t0.8
S04,coherence,14,0.5,0.5,0.8,disc-t0.8
S04,coherence,15,0,0.0,0.8,disc-t0.8
S04,coherence,16,0.5,0.5,0.8,disc-t0.8
S04,coherence,17,0.5,0.5,0.8,disc-t0.8
S04,coherence,18,0.5,0.5,0.8,disc-t0.8
S04,coherence,19,0.5,0.5,0.8,disc-t0.8
S04,coherence,20,0.5,0.5,0.8,disc-t0.8
S04,coherence,21,0.5,0.5,0.8,disc-t0.8
S04,coherence,22,0.5,0.5,0.8,disc-t0.8
S04,coherence,23,0.5,0.5,0.8,disc-t0.8
S04,coherence,24,0.5,0.5,0.8,disc-t0.8
S04,coherence,25,0.5,0.5,0.8,disc-t0.8
S04,coherence,26,0.5,0.5,0.8,disc-t0.8
S04,coherence,27,0,0.0,0.8,disc-t0.8
S04,coherence,28,0.5,0.5,0.8,disc-t0.8
S04,coherence,29,0.5,0.5,0.8,disc-t0.8
S04,coherence,30,0,0.0,0.8,disc-t0.8
S04,coherence,31,0.5,0.5,0.8,disc-t0.8
S04,coherence,32,0.5,0.5,0.8,disc-t0.8
S04,coherence,33,0.5,0.5,0.8,disc-t0.8
S04,coherence,34,0,0.0,0.8,disc-t0.8
S04,coherence,35,0.5,0.5,0.8,disc-t0.8
S04,coherence,36,0.5,0.5,0.8,disc-t0.8
S04,coherence,37,0.5,0.5,0.8,disc-t0.8
S04,coherence,38,0.5,0.5,0.8,disc-t0.8
S04,coherence,39,0,0.0,0.8,disc-t0.8
S04,coherence,40,0.5,0.5,0.8,disc-t0.8
S04,coherence,41,0.5,0.5,0.8,disc-t0.8
S04,coherence,42,0.5,0.5,0.8,disc-t0.8
S04,coherence,43,0.5,0.5,0.8,disc-t0.8
S04,coherence,44,0.5,0.5,0.8,disc-t0.8
S04,coherence,45,0.5,0.5,0.8,disc-t0.8
S04,coherence,46,0.5,0.5,0.8,disc-t0.8
S04,coherence,47,0,0.0,0.8,disc-t0.8
S04,coherence,48,0.5,0.5,0.8,disc-t0.8
S04,coherence,49,0,0.0,0.8,disc-t0.8
S04,fact,0,0.5,0.5,0.8,disc-t0.8
S04,fact,1,0,0.0,0.8,disc-t0.8
S04,fact,2,0.5,0.5,0.8,disc-t0.8
S04,fact,3,0,0.0,0.8,disc-t0.8
S04,fact,4,0,0.0,0.8,disc-t0.8
S04,fact,5,0,0.0,0.8,disc-t0.8
S04,fact,6,0.5,0.5,0.8,disc-t0.8
S04,fact,7,0.5,0.5,0.8,disc-t0.8
S04,fact,8,0.5,0.5,0.8,disc-t0.8
S04,fact,9,0,0.0,0.8,disc-t0.8
S04,fact,10,0,0.0,0.8,disc-t0.8
S04,fact,11,0.5,0.5,0.8,disc-t0.8
S04,fact,12,0,0.0,0.8,disc-t0.8
S04,fact,13,0,0.0,0.8,disc-t0.8
S04,fact,14,0,0.0,0.8,disc-t0.8
S04,fact,15,0,0.0,0.8,disc-t0.8
S04,fact,16,0.5,0.5,0.8,disc-t0.8
S04,fact,17,0,0.0,0.8,disc-t0.8
S04,fact,18,0.5,0.5,0.8,disc-t0.8
S04,fact,19,0,0.0,0.8,disc-t0.8
S04,fact,20,0.5,0.5,0.8,disc-t0.8
S04,fact,21,0,0.0,0.8,disc-t0.8
S04,fact,22,0.5,0.5,0.8,disc-t0.8
S04,fact,23,0,0.0,0.8,disc-t0.8
S04,fact,24,0.5,0.5,0.8,disc-t0.8
S04,fact,25,0.5,0.5,0.8,disc-t0.8
S04,fact,26,0,0.0,0.8,disc-t0.8
S04,fact,27,0,0.0,0.8,disc-t0.8
S04,fact,28,0,0.0,0.8,disc-t0.8
S04,fact,29,0,0.0,0.8,disc-t0.8
S04,fact,30,0,0.0,0.8,disc-t0.8
S04,fact,31,0,0.0,0.8,disc-t0.8
S04,fact,32,0.5,0.5,0.8,disc-t0.8
S04,fact,33,0,0.0,0.8,disc-t0.8
S04,fact,34,0.5,0.5,0.8,disc-t0.8
S04,fact,35,0,0.0,0.8,disc-t0.8
S04,fact,36,0.5,0.5,0.8,disc-t0.8
S04,fact,37,0,0.0,0.8,disc-t0.8
S04,fact,38,0.5,0.5,0.8,disc-t0.8
S04,fact,39,0.5,0.5,0.8,disc-t0.8
S04,fact,40,0,0.0,0.8,disc-t0.8
S04,fact,41,0.5,0.5,0.8,disc-t0.8
S04,fact,42,0.5,0.5,0.8,disc-t0.8
S04,fact,43,0.5,0.5,0.8,disc-t0.8
S04,fact,44,0,0.0,0.8,disc-t0.8
S04,fact,45,0,0.0,0.8,disc-t0.8
S04,fact,46,0.5,0.5,0.8,disc-t0.8
S04,fact,47,0.5,0.5,0.8,disc-t0.8
S04,fact,48,0.5,0.5,0.8,disc-t0.8
S04,fact,49,0,0.0,0.8,disc-t0.8
S04,pragmatic,0,0.5,0.5,0.8,disc-t0.8
S04,pragmatic,1,0.5,0.5,0.8,disc-t0.8
S04,pragmatic,2,0.5,0.5,0.8,disc-t0.8
S04,pragmatic,3,0.5,0.5,0.8,disc-t0.8
S04,pragmatic,4,0.5,0.5,0.8,disc-t0.8
S04,pragmatic,5,0.5,0.5,0.8,disc-t0.8
S04,pragmatic,6,0.5,0.5,0.8,disc-t0.8
S04,pragmatic,7,0.5,0.5,0.8,disc-t0.8
S04,pragmatic,8,0.5,0.5,0.8,disc-t0.8
S04,pragmatic,9,0.5,0.5,0.8,disc-t0.8
S04,pragmatic,10,0.5,0.5,0.8,disc-t0.8
S04,pragmatic,11,0.5,0.5,0.8,disc-t0.8
S04,pragmatic,12,0.5,0.5,0.8,disc-t0.8
S04,pragmatic,13,0.5,0.5,0.8,disc-t0.8
S04,pragmatic,14,0.5,0.5,0.8,disc-t0.8
S04,pragmatic,15,0.5,0.5,0.8,disc-t0.8
S04,pragmatic,16,0.5,0.5,0.8,disc-t0.8
S04,pragmatic,17,0.5,0.5,0.8,disc-t0.8
S04,pragmatic,18,0.5,0.5,0.8,disc-t0.8
S04,pragmatic,19,0.5,0.5,0.8,disc-t0.8
S04,pragmatic,20,0.5,0.5,0.8,disc-t0.8
S04,pragmatic,21,0.5,0.5,0.8,disc-t0.8
S04,pragmatic,22,0.5,0.5,0.8,disc-t0.8
S04,pragmatic,23,0.5,0.5,0.8,disc-t0.8
S04,pragmatic,24,0.5,0.5,0.8,disc-t0.8
S04,pragmatic,25,0.5,0.5,0.8,disc-t0.8
S04,pragmatic,26,0.5,0.5,0.8,disc-t0.8
S04,pragmatic,27,0.5,0.5,0.8,disc-t0.8
S04,pragmatic,28,0.5,0.5,0.8,disc-t0.8
S04,pragmatic,29,0.5,0.5,0.8,disc-t0.8
S04,pragmatic,30,0.5,0.5,0.8,disc-t0.8
S04,pragmatic,31,0.5,0.5,0.8,disc-t0.8
S04,pragmatic,32,0.5,0.5,0.8,disc-t0.8
S04,pragmatic,33,0.5,0.5,0.8,disc-t0.8
S04,pragmatic,34,0.5,0.5,0.8,disc-t0.8
S04,pragmatic,35,0.5,0.5,0.8,disc-t0.8
S04,pragmatic,36,0.5,0.5,0.8,disc-t0.8
S04,pragmatic,37,0.5,0.5,0.8,disc-t0.8
S04,pragmatic,38,0.5,0.5,0.8,disc-t0.8
S04,pragmatic,39,0.5,0.5,0.8,disc-t0.8
S04,pragmatic,40,0.5,0.5,0.8,disc-t0.8
S04,pragmatic,41,0.5,0.5,0.8,disc-t0.8
S04,pragmatic,42,0.5,0.5,0.8,disc-t0.8
S04,pragmatic,43,0.5,0.5,0.8,disc-t0.8
S04,pragmatic,44,0.5,0.5,0.8,disc-t0.8
S04,pragmatic,45,0.5,0.5,0.8,disc-t0.8
S04,pragmatic,46,0.5,0.5,0.8,disc-t0.8
S04,pragmatic,47,0.5,0.5,0.8,disc-t0.8
S04,pragmatic,48,0.5,0.5,0.8,disc-t0.8
S04,pragmatic,49,0.5,0.5,0.8,disc-t0.8
S05,coherence,0,0,0.0,0.8,disc-t0.8
S05,coherence,1,0,0.0,0.8,disc-t0.8
S05,coherence,2,0,0.0,0.8,disc-t0.8
S05,coherence,3,0,0.0,0.8,disc-t0.8
S05,coherence,4,0,0.0,0.8,disc-t0.8
S05,coherence,5,0,0.0,0.8,disc-t0.8
S05,coherence,6,0,0.0,0.8,disc-t0.8
S05,coherence,7,0,0.0,0.8,disc-t0.8
S05,coherence,8,0,0.0,0.8,disc-t0.8
S05,coherence,9,0,0.0,0.8,disc-t0.8
S05,coherence,10,0,0.0,0.8,disc-t0.8
S05,coherence,11,0,0.0,0.8,disc-t0.8
S05,coherence,12,0,0.0,0.8,disc-t0.8
S05,coherence,13,0,0.0,0.8,disc-t0.8
S05,coherence,14,0,0.0,0.8,disc-t0.8
S05,coherence,15,0,0.0,0.8,disc-t0.8
S05,coherence,16,0,0.0,0.8,disc-t0.8
S05,coherence,17,0,0.0,0.8,disc-t0.8
S05,coherence,18,0,0.0,0.8,disc-t0.8
S05,coherence,19,0,0.0,0.8,disc-t0.8
S05,coherence,20,0,0.0,0.8,disc-t0.8
S05,coherence,21,0,0.0,0.8,disc-t0.8
S05,coherence,22,0,0.0,0.8,disc-t0.8
S05,coherence,23,0,0.0,0.8,disc-t0.8
S05,coherence,24,0,0.0,0.8,disc-t0.8
S05,coherence,25,0,0.0,0.8,disc-t0.8
S05,coherence,26,0,0.0,0.8,disc-t0.8
S05,coherence,27,0,0.0,0.8,disc-t0.8
S05,coherence,28,0,0.0,0.8,disc-t0.8
S05,coherence,29,0,0.0,0.8,disc-t0.8
S05,coherence,30,0,0.0,0.8,disc-t0.8
S05,coherence,31,0,0.0,0.8,disc-t0.8
S05,coherence,32,0,0.0,0.8,disc-t0.8
S05,coherence,33,0,0.0,0.8,disc-t0.8
S05,coherence,34,0,0.0,0.8,disc-t0.8
S05,coherence,35,0,0.0,0.8,disc-t0.8
S05,coherence,36,0,0.0,0.8,disc-t0.8
S05,coherence,37,0,0.0,0.8,disc-t0.8
S05,coherence,38,0,0.0,0.8,disc-t0.8
S05,coherence,39,0,0.0,0.8,disc-t0.8
S05,coherence,40,0,0.0,0.8,disc-t0.8
S05,coherence,41,0,0.0,0.8,disc-t0.8
S05,coherence,42,0,0.0,0.8,disc-t0.8
S05,coherence,43,0,0.0,0.8,disc-t0.8
S05,coherence,44,0,0.0,0.8,disc-t0.8
S05,coherence,45,0,0.0,0.8,disc-t0.8
S05,coherence,46,0,0.0,0.8,disc-t0.8
S05,coherence,47,0,0.0,0.8,disc-t0.8
S05,coherence,48,0,0.0,0.8,disc-t0.8
S05,coherence,49,0,0.0,0.8,disc-t0.8
S05,fact,0,0,0.0,0.8,disc-t0.8
S05,fact,1,0,0.0,0.8,disc-t0.8
S05,fact,2,0,0.0,0.8,disc-t0.8
S05,fact,3,0,0.0,0.8,disc-t0.8
S05,fact,4,0,0.0,0.8,disc-t0.8
S05,fact,5,0,0.0,0.8,disc-t0.8
S05,fact,6,0,0.0,0.8,disc-t0.8
S05,fact,7,0,0.0,0.8,disc-t0.8
S05,fact,8,0,0.0,0.8,disc-t0.8
S05,fact,9,0,0.0,0.8,disc-t0.8
S05,fact,10,0,0.0,0.8,disc-t0.8
S05,fact,11,0,0.0,0.8,disc-t0.8
S05,fact,12,0,0.0,0.8,disc-t0.8
S05,fact,13,0,0.0,0.8,disc-t0.8
S05,fact,14,0,0.0,0.8,disc-t0.8
S05,fact,15,0,0.0,0.8,disc-t0.8
S05,fact,16,0,0.0,0.8,disc-t0.8
S05,fact,17,0,0.0,0.8,disc-t0.8
S05,fact,18,0,0.0,0.8,disc-t0.8
S05,fact,19,0,0.0,0.8,disc-t0.8
S05,fact,20,0,0.0,0.8,disc-t0.8
S05,fact,21,0,0.0,0.8,disc-t0.8
S05,fact,22,0,0.0,0.8,disc-t0.8
S05,fact,23,0,0.0,0.8,disc-t0.8
S05,fact,24,0,0.0,0.8,disc-t0.8
S05,fact,25,0,0.0,0.8,disc-t0.8
S05,fact,26,0,0.0,0.8,disc-t0.8
S05,fact,27,0,0.0,0.8,disc-t0.8
S05,fact,28,0,0.0,0.8,disc-t0.8
S05,fact,29,0,0.0,0.8,disc-t0.8
S05,fact,30,0,0.0,0.8,disc-t0.8
S05,fact,31,0,0.0,0.8,disc-t0.8
S05,fact,32,0,0.0,0.8,disc-t0.8
S05,fact,33,0,0.0,0.8,disc-t0.8
S05,fact,34,0,0.0,0.8,disc-t0.8
S05,fact,35,0,0.0,0.8,disc-t0.8
S05,fact,36,0,0.0,0.8,disc-t0.8
S05,fact,37,0,0.0,0.8,disc-t0.8
S05,fact,38,0,0.0,0.8,disc-t0.8
S05,fact,39,0,0.0,0.8,disc-t0.8
S05,fact,40,0,0.0,0.8,disc-t0.8
S05,fact,41,0,0.0,0.8,disc-t0.8
S05,fact,42,0,0.0,0.8,disc-t0.8
S05,fact,43,0,0.0,0.8,disc-t0.8
S05,fact,44,0,0.0,0.8,disc-t0.8
S05,fact,45,0,0.0,0.8,disc-t0.8
S05,fact,46,0,0.0,0.8,disc-t0.8
S05,fact,47,0,0.0,0.8,disc-t0.8
S05,fact,48,0,0.0,0.8,disc-t0.8
S05,fact,49,0,0.0,0.8,disc-t0.8
S05,pragmatic,0,0,0.0,0.8,disc-t0.8
S05,pragmatic,1,0,0.0,0.8,disc-t0.8
S05,pragmatic,2,0,0.0,0.8,disc-t0.8
S05,pragmatic,3,0,0.0,0.8,disc-t0.8
S05,pragmatic,4,0,0.0,0.8,disc-t0.8
S05,pragmatic,5,0,0.0,0.8,disc-t0.8
S05,pragmatic,6,0,0.0,0.8,disc-t0.8
S05,pragmatic,7,0,0.0,0.8,disc-t0.8
S05,pragmatic,8,0,0.0,0.8,disc-t0.8
S05,pragmatic,9,0,0.0,0.8,disc-t0.8
S05,pragmatic,10,0,0.0,0.8,disc-t0.8
S05,pragmatic,11,0,0.0,0.8,disc-t0.8
S05,pragmatic,12,0,0.0,0.8,disc-t0.8
S05,pragmatic,13,0.5,0.5,0.8,disc-t0.8
S05,pragmatic,14,0,0.0,0.8,disc-t0.8
S05,pragmatic,15,0,0.0,0.8,disc-t0.8
S05,pragmatic,16,0,0.0,0.8,disc-t0.8
S05,pragmatic,17,0,0.0,0.8,disc-t0.8
S05,pragmatic,18,0,0.0,0.8,disc-t0.8
S05,pragmatic,19,0,0.0,0.8,disc-t0.8
S05,pragmatic,20,0,0.0,0.8,disc-t0.8
S05,pragmatic,21,0,0.0,0.8,disc-t0.8
S05,pragmatic,22,0,0.0,0.8,disc-t0.8
S05,pragmatic,23,0,0.0,0.8,disc-t0.8
S05,pragmatic,24,0,0.0,0.8,disc-t0.8
S05,pragmatic,25,0,0.0,0.8,disc-t0.8
S05,pragmatic,26,0,0.0,0.8,disc-t0.8
S05,pragmatic,27,0,0.0,0.8,disc-t0.8
S05,pragmatic,28,0,0.0,0.8,disc-t0.8
S05,pragmatic,29,0,0.0,0.8,disc-t0.8
S05,pragmatic,30,0,0.0,0.8,disc-t0.8
S05,pragmatic,31,0,0.0,0.8,disc-t0.8
S05,pragmatic,32,0,0.0,0.8,disc-t0.8
S05,pragmatic,33,0,0.0,0.8,disc-t0.8
S05,pragmatic,34,0,0.0,0.8,disc-t0.8
S05,pragmatic,35,0,0.0,0.8,disc-t0.8
S05,pragmatic,36,0,0.0,0.8,disc-t0.8
S05,pragmatic,37,0.5,0.5,0.8,disc-t0.8
S05,pragmatic,38,0,0.0,0.8,disc-t0.8
S05,pragmatic,39,0,0.0,0.8,disc-t0.8
S05,pragmatic,40,0,0.0,0.8,disc-t0.8
S05,pragmatic,41,0,0.0,0.8,disc-t0.8
S05,pragmatic,42,0,0.0,0.8,disc-t0.8
S05,pragmatic,43,0,0.0,0.8,disc-t0.8
S05,pragmatic,44,0,0.0,0.8,disc-t0.8
S05,pragmatic,45,0,0.0,0.8,disc-t0.8
S05,pragmatic,46,1,1.0,0.8,disc-t0.8
S05,pragmatic,47,0,0.0,0.8,disc-t0.8
S05,pragmatic,48,0.5,0.5,0.8,disc-t0.8
S05,pragmatic,49,0,0.0,0.8,disc-t0.8
S06,coherence,0,1,1.0,0.8,disc-t0.8
S06,coherence,1,1,1.0,0.8,disc-t0.8
S06,coherence,2,1,1.0,0.8,disc-t0.8
S06,coherence,3,1,1.0,0.8,disc-t0.8
S06,coherence,4,1,1.0,0.8,disc-t0.8
S06,coherence,5,1,1.0,0.8,disc-t0.8
S06,coherence,6,1,1.0,0.8,disc-t0.8
S06,coherence,7,1,1.0,0.8,disc-t0.8
S06,coherence,8,1,1.0,0.8,disc-t0.8
S06,coherence,9,1,1.0,0.8,disc-t0.8
S06,coherence,10,1,1.0,0.8,disc-t0.8
S06,coherence,11,1,1.0,0.8,disc-t0.8
S06,coherence,12,1,1.0,0.8,disc-t0.8
S06,coherence,13,1,1.0,0.8,disc-t0.8
S06,coherence,14,1,1.0,0.8,disc-t0.8
S06,coherence,15,1,1.0,0.8,disc-t0.8
S06,coherence,16,1,1.0,0.8,disc-t0.8
S06,coherence,17,1,1.0,0.8,disc-t0.8
S06,coherence,18,1,1.0,0.8,disc-t0.8
S06,coherence,19,1,1.0,0.8,disc-t0.8
S06,coherence,20,1,1.0,0.8,disc-t0.8
S06,coherence,21,1,1.0,0.8,disc-t0.8
S06,coherence,22,1,1.0,0.8,disc-t0.8
S06,coherence,23,1,1.0,0.8,disc-t0.8
S06,coherence,24,1,1.0,0.8,disc-t0.8
S06,coherence,25,1,1.0,0.8,disc-t0.8
S06,coherence,26,1,1.0,0.8,disc-t0.8
S06,coherence,27,1,1.0,0.8,disc-t0.8
S06,coherence,28,1,1.0,0.8,disc-t0.8
S06,coherence,29,1,1.0,0.8,disc-t0.8
S06,coherence,30,1,1.0,0.8,disc-t0.8
S06,coherence,31,1,1.0,0.8,disc-t0.8
S06,coherence,32,1,1.0,0.8,disc-t0.8
S06,coherence,33,1,1.0,0.8,disc-t0.8
S06,coherence,34,1,1.0,0.8,disc-t0.8
S06,coherence,35,1,1.0,0.8,disc-t0.8
S06,coherence,36,1,1.0,0.8,disc-t0.8
S06,coherence,37,1,1.0,0.8,disc-t0.8
S06,coherence,38,1,1.0,0.8,disc-t0.8
S06,coherence,39,1,1.0,0.8,disc-t0.8
S06,coherence,40,1,1.0,0.8,disc-t0.8
S06,coherence,41,1,1.0,0.8,disc-t0.8
S06,coherence,42,1,1.0,0.8,disc-t0.8
S06,coherence,43,1,1.0,0.8,disc-t0.8
S06,coherence,44,1,1.0,0.8,disc-t0.8
S06,coherence,45,1,1.0,0.8,disc-t0.8
S06,coherence,46,1,1.0,0.8,disc-t0.8
S06,coherence,47,1,1.0,0.8,disc-t0.8
S06,coherence,48,1,1.0,0.8,disc-t0.8
S06,coherence,49,1,1.0,0.8,disc-t0.8
S06,fact,0,1,1.0,0.8,disc-t0.8
S06,fact,1,1,1.0,0.8,disc-t0.8
S06,fact,2,1,1.0,0.8,disc-t0.8
S06,fact,3,1,1.0,0.8,disc-t0.8
S06,fact,4,1,1.0,0.8,disc-t0.8
S06,fact,5,1,1.0,0.8,disc-t0.8
S06,fact,6,1,1.0,0.8,disc-t0.8
S06,fact,7,1,1.0,0.8,disc-t0.8
S06,fact,8,1,1.0,0.8,disc-t0.8
S06,fact,9,1,1.0,0.8,disc-t0.8
S06,fact,10,1,1.0,0.8,disc-t0.8
S06,fact,11,1,1.0,0.8,disc-t0.8
S06,fact,12,1,1.0,0.8,disc-t0.8
S06,fact,13,1,1.0,0.8,disc-t0.8
S06,fact,14,1,1.0,0.8,disc-t0.8
S06,fact,15,1,1.0,0.8,disc-t0.8
S06,fact,16,1,1.0,0.8,disc-t0.8
S06,fact,17,1,1.0,0.8,disc-t0.8
S06,fact,18,1,1.0,0.8,disc-t0.8
S06,fact,19,1,1.0,0.8,disc-t0.8
S06,fact,20,1,1.0,0.8,disc-t0.8
S06,fact,21,1,1.0,0.8,disc-t0.8
S06,fact,22,1,1.0,0.8,disc-t0.8
S06,fact,23,1,1.0,0.8,disc-t0.8
S06,fact,24,1,1.0,0.8,disc-t0.8
S06,fact,25,1,1.0,0.8,disc-t0.8
S06,fact,26,1,1.0,0.8,disc-t0.8
S06,fact,27,1,1.0,0.8,disc-t0.8
S06,fact,28,1,1.0,0.8,disc-t0.8
S06,fact,29,1,1.0,0.8,disc-t0.8
S06,fact,30,1,1.0,0.8,disc-t0.8
S06,fact,31,1,1.0,0.8,disc-t0.8
S06,fact,32,1,1.0,0.8,disc-t0.8
S06,fact,33,1,1.0,0.8,disc-t0.8
S06,fact,34,1,1.0,0.8,disc-t0.8
S06,fact,35,1,1.0,0.8,disc-t0.8
S06,fact,36,1,1.0,0.8,disc-t0.8
S06,fact,37,1,1.0,0.8,disc-t0.8
S06,fact,38,1,1.0,0.8,disc-t0.8
S06,fact,39,1,1.0,0.8,disc-t0.8
S06,fact,40,1,1.0,0.8,disc-t0.8
S06,fact,41,1,1.0,0.8,disc-t0.8
S06,fact,42,1,1.0,0.8,disc-t0.8
S06,fact,43,1,1.0,0.8,disc-t0.8
S06,fact,44,1,1.0,0.8,disc-t0.8
S06,fact,45,1,1.0,0.8,disc-t0.8
S06,fact,46,1,1.0,0.8,disc-t0.8
S06,fact,47,1,1.0,0.8,disc-t0.8
S06,fact,48,1,1.0,0.8,disc-t0.8
S06,fact,49,1,1.0,0.8,disc-t0.8
S06,pragmatic,0,1,1.0,0.8,disc-t0.8
S06,pragmatic,1,1,1.0,0.8,disc-t0.8
S06,pragmatic,2,1,1.0,0.8,disc-t0.8
S06,pragmatic,3,1,1.0,0.8,disc-t0.8
S06,pragmatic,4,1,1.0,0.8,disc-t0.8
S06,pragmatic,5,1,1.0,0.8,disc-t0.8
S06,pragmatic,6,1,1.0,0.8,disc-t0.8
S06,pragmatic,7,1,1.0,0.8,disc-t0.8
S06,pragmatic,8,1,1.0,0.8,disc-t0.8
S06,pragmatic,9,1,1.0,0.8,disc-t0.8
S06,pragmatic,10,1,1.0,0.8,disc-t0.8
S06,pragmatic,11,1,1.0,0.8,disc-t0.8
S06,pragmatic,12,1,1.0,0.8,disc-t0.8
S06,pragmatic,13,1,1.0,0.8,disc-t0.8
S06,pragmatic,14,1,1.0,0.8,disc-t0.8
S06,pragmatic,15,1,1.0,0.8,disc-t0.8
S06,pragmatic,16,1,1.0,0.8,disc-t0.8
S06,pragmatic,17,1,1.0,0.8,disc-t0.8
S06,pragmatic,18,1,1.0,0.8,disc-t0.8
S06,pragmatic,19,1,1.0,0.8,disc-t0.8
S06,pragmatic,20,1,1.0,0.8,disc-t0.8
S06,pragmatic,21,1,1.0,0.8,disc-t0.8
S06,pragmatic,22,1,1.0,0.8,disc-t0.8
S06,pragmatic,23,1,1.0,0.8,disc-t0.8
S06,pragmatic,24,1,1.0,0.8,disc-t0.8
S06,pragmatic,25,1,1.0,0.8,disc-t0.8
S06,pragmatic,26,1,1.0,0.8,disc-t0.8
S06,pragmatic,27,1,1.0,0.8,disc-t0.8
S06,pragmatic,28,1,1.0,0.8,disc-t0.8
S06,pragmatic,29,1,1.0,0.8,disc-t0.8
S06,pragmatic,30,1,1.0,0.8,disc-t0.8
S06,pragmatic,31,1,1.0,0.8,disc-t0.8
S06,pragmatic,32,1,1.0,0.8,disc-t0.8
S06,pragmatic,33,1,1.0,0.8,disc-t0.8
S06,pragmatic,34,1,1.0,0.8,disc-t0.8
S06,pragmatic,35,1,1.0,0.8,disc-t0.8
S06,pragmatic,36,1,1.0,0.8,disc-t0.8
S06,pragmatic,37,1,1.0,0.8,disc-t0.8
S06,pragmatic,38,1,1.0,0.8,disc-t0.8
S06,pragmatic,39,1,1.0,0.8,disc-t0.8
S06,pragmatic,40,1,1.0,0.8,disc-t0.8
S06,pragmatic,41,1,1.0,0.8,disc-t0.8
S06,pragmatic,42,1,1.0,0.8,disc-t0.8
S06,pragmatic,43,1,1.0,0.8,disc-t0.8
S06,pragmatic,44,1,1.0,0.8,disc-t0.8
S06,pragmatic,45,1,1.0,0.8,disc-t0.8
S06,pragmatic,46,1,1.0,0.8,disc-t0.8
S06,pragmatic,47,1,1.0,0.8,disc-t0.8
S06,pragmatic,48,1,1.0,0.8,disc-t0.8
S06,pragmatic,49,1,1.0,0.8,disc-t0.8
S07,coherence,0,1,1.0,0.8,disc-t0.8
S07,coherence,1,1,1.0,0.8,disc-t0.8
S07,coherence,2,1,1.0,0.8,disc-t0.8
S07,coherence,3,1,1.0,0.8,disc-t0.8
S07,coherence,4,1,1.0,0.8,disc-t0.8
S07,coherence,5,1,1.0,0.8,disc-t0.8
S07,coherence,6,1,1.0,0.8,disc-t0.8
S07,coherence,7,1,1.0,0.8,disc-t0.8
S07,coherence,8,1,1.0,0.8,disc-t0.8
S07,coherence,9,1,1.0,0.8,disc-t0.8
S07,coherence,10,1,1.0,0.8,disc-t0.8
S07,coherence,11,1,1.0,0.8,disc-t0.8
S07,coherence,12,1,1.0,0.8,disc-t0.8
S07,coherence,13,1,1.0,0.8,disc-t0.8
S07,coherence,14,1,1.0,0.8,disc-t0.8
S07,coherence,15,1,1.0,0.8,disc-t0.8
S07,coherence,16,1,1.0,0.8,disc-t0.8
S07,coherence,17,1,1.0,0.8,disc-t0.8
S07,coherence,18,1,1.0,0.8,disc-t0.8
S07,coherence,19,1,1.0,0.8,disc-t0.8
S07,coherence,20,1,1.0,0.8,disc-t0.8
S07,coherence,21,1,1.0,0.8,disc-t0.8
S07,coherence,22,1,1.0,0.8,disc-t0.8
S07,coherence,23,1,1.0,0.8,disc-t0.8
S07,coherence,24,1,1.0,0.8,disc-t0.8
S07,coherence,25,1,1.0,0.8,disc-t0.8
S07,coherence,26,1,1.0,0.8,disc-t0.8
S07,coherence,27,1,1.0,0.8,disc-t0.8
S07,coherence,28,1,1.0,0.8,disc-t0.8
S07,coherence,29,1,1.0,0.8,disc-t0.8
S07,coherence,30,1,1.0,0.8,disc-t0.8
S07,coherence,31,1,1.0,0.8,disc-t0.8
S07,coherence,32,1,1.0,0.8,disc-t0.8
S07,coherence,33,1,1.0,0.8,disc-t0.8
S07,coherence,34,1,1.0,0.8,disc-t0.8
S07,coherence,35,1,1.0,0.8,disc-t0.8
S07,coherence,36,1,1.0,0.8,disc-t0.8
S07,coherence,37,1,1.0,0.8,disc-t0.8
S07,coherence,38,1,1.0,0.8,disc-t0.8
S07,coherence,39,1,1.0,0.8,disc-t0.8
S07,coherence,40,1,1.0,0.8,disc-t0.8
S07,coherence,41,1,1.0,0.8,disc-t0.8
S07,coherence,42,1,1.0,0.8,disc-t0.8
S07,coherence,43,1,1.0,0.8,disc-t0.8
S07,coherence,44,1,1.0,0.8,disc-t0.8
S07,coherence,45,1,1.0,0.8,disc-t0.8
S07,coherence,46,1,1.0,0.8,disc-t0.8
S07,coherence,47,1,1.0,0.8,disc-t0.8
S07,coherence,48,1,1.0,0.8,disc-t0.8
S07,coherence,49,1,1.0,0.8,disc-t0.8
S07,fact,0,1,1.0,0.8,disc-t0.8
S07,fact,1,1,1.0,0.8,disc-t0.8
S07,fact,2,1,1.0,0.8,disc-t0.8
S07,fact,3,1,1.0,0.8,disc-t0.8
S07,fact,4,1,1.0,0.8,disc-t0.8
S07,fact,5,1,1.0,0.8,disc-t0.8
S07,fact,6,1,1.0,0.8,disc-t0.8
S07,fact,7,1,1.0,0.8,disc-t0.8
S07,fact,8,1,1.0,0.8,disc-t0.8
S07,fact,9,1,1.0,0.8,disc-t0.8
S07,fact,10,1,1.0,0.8,disc-t0.8
S07,fact,11,1,1.0,0.8,disc-t0.8
S07,fact,12,1,1.0,0.8,disc-t0.8
S07,fact,13,1,1.0,0.8,disc-t0.8
S07,fact,14,1,1.0,0.8,disc-t0.8
S07,fact,15,1,1.0,0.8,disc-t0.8
S07,fact,16,1,1.0,0.8,disc-t0.8
S07,fact,17,1,1.0,0.8,disc-t0.8
S07,fact,18,1,1.0,0.8,disc-t0.8
S07,fact,19,1,1.0,0.8,disc-t0.8
S07,fact,20,1,1.0,0.8,disc-t0.8
S07,fact,21,1,1.0,0.8,disc-t0.8
S07,fact,22,1,1.0,0.8,disc-t0.8
S07,fact,23,1,1.0,0.8,disc-t0.8
S07,fact,24,1,1.0,0.8,disc-t0.8
S07,fact,25,1,1.0,0.8,disc-t0.8
S07,fact,26,1,1.0,0.8,disc-t0.8
S07,fact,27,1,1.0,0.8,disc-t0.8
S07,fact,28,1,1.0,0.8,disc-t0.8
S07,fact,29,1,1.0,0.8,disc-t0.8
S07,fact,30,1,1.0,0.8,disc-t0.8
S07,fact,31,1,1.0,0.8,disc-t0.8
S07,fact,32,1,1.0,0.8,disc-t0.8
S07,fact,33,1,1.0,0.8,disc-t0.8
S07,fact,34,1,1.0,0.8,disc-t0.8
S07,fact,35,1,1.0,0.8,disc-t0.8
S07,fact,36,1,1.0,0.8,disc-t0.8
S07,fact,37,1,1.0,0.8,disc-t0.8
S07,fact,38,1,1.0,0.8,disc-t0.8
S07,fact,39,1,1.0,0.8,disc-t0.8
S07,fact,40,1,1.0,0.8,disc-t0.8
S07,fact,41,1,1.0,0.8,disc-t0.8
S07,fact,42,1,1.0,0.8,disc-t0.8
S07,fact,43,1,1.0,0.8,disc-t0.8
S07,fact,44,1,1.0,0.8,disc-t0.8
S07,fact,45,1,1.0,0.8,disc-t0.8
S07,fact,46,1,1.0,0.8,disc-t0.8
S07,fact,47,1,1.0,0.8,disc-t0.8
S07,fact,48,1,1.0,0.8,disc-t0.8
S07,fact,49,1,1.0,0.8,disc-t0.8
S07,pragmatic,0,1,1.0,0.8,disc-t0.8
S07,pragmatic,1,1,1.0,0.8,disc-t0.8
S07,pragmatic,2,1,1.0,0.8,disc-t0.8
S07,pragmatic,3,1,1.0,0.8,disc-t0.8
S07,pragmatic,4,1,1.0,0.8,disc-t0.8
S07,pragmatic,5,1,1.0,0.8,disc-t0.8
S07,pragmatic,6,1,1.0,0.8,disc-t0.8
S07,pragmatic,7,1,1.0,0.8,disc-t0.8
S07,pragmatic,8,1,1.0,0.8,disc-t0.8
S07,pragmatic,9,1,1.0,0.8,disc-t0.8
S07,pragmatic,10,1,1.0,0.8,disc-t0.8
S07,pragmatic,11,1,1.0,0.8,disc-t0.8
S07,pragmatic,12,1,1.0,0.8,disc-t0.8
S07,pragmatic,13,1,1.0,0.8,disc-t0.8
S07,pragmatic,14,1,1.0,0.8,disc-t0.8
S07,pragmatic,15,1,1.0,0.8,disc-t0.8
S07,pragmatic,16,1,1.0,0.8,disc-t0.8
S07,pragmatic,17,1,1.0,0.8,disc-t0.8
S07,pragmatic,18,1,1.0,0.8,disc-t0.8
S07,pragmatic,19,1,1.0,0.8,disc-t0.8
S07,pragmatic,20,1,1.0,0.8,disc-t0.8
S07,pragmatic,21,1,1.0,0.8,disc-t0.8
S07,pragmatic,22,1,1.0,0.8,disc-t0.8
S07,pragmatic,23,1,1.0,0.8,disc-t0.8
S07,pragmatic,24,1,1.0,0.8,disc-t0.8
S07,pragmatic,25,1,1.0,0.8,disc-t0.8
S07,pragmatic,26,1,1.0,0.8,disc-t0.8
S07,pragmatic,27,1,1.0,0.8,disc-t0.8
S07,pragmatic,28,1,1.0,0.8,disc-t0.8
S07,pragmatic,29,1,1.0,0.8,disc-t0.8
S07,pragmatic,30,1,1.0,0.8,disc-t0.8
S07,pragmatic,31,1,1.0,0.8,disc-t0.8
S07,pragmatic,32,1,1.0,0.8,disc-t0.8
S07,pragmatic,33,1,1.0,0.8,disc-t0.8
S07,pragmatic,34,1,1.0,0.8,disc-t0.8
S07,pragmatic,35,1,1.0,0.8,disc-t0.8
S07,pragmatic,36,1,1.0,0.8,disc-t0.8
S07,pragmatic,37,1,1.0,0.8,disc-t0.8
S07,pragmatic,38,1,1.0,0.8,disc-t0.8
S07,pragmatic,39,1,1.0,0.8,disc-t0.8
S07,pragmatic,40,1,1.0,0.8,disc-t0.8
S07,pragmatic,41,1,1.0,0.8,disc-t0.8
S07,pragmatic,42,1,1.0,0.8,disc-t0.8
S07,pragmatic,43,1,1.0,0.8,disc-t0.8
S07,pragmatic,44,1,1.0,0.8,disc-t0.8
S07,pragmatic,45,1,1.0,0.8,disc-t0.8
S07,pragmatic,46,1,1.0,0.8,disc-t0.8
S07,pragmatic,47,1,1.0,0.8,disc-t0.8
S07,pragmatic,48,0.5,0.5,0.8,disc-t0.8
S07,pragmatic,49,1,1.0,0.8,disc-t0.8
S08,coherence,0,1,1.0,0.8,disc-t0.8
S08,coherence,1,1,1.0,0.8,disc-t0.8
S08,coherence,2,1,1.0,0.8,disc-t0.8
S08,coherence,3,1,1.0,0.8,disc-t0.8
S08,coherence,4,1,1.0,0.8,disc-t0.8
S08,coherence,5,1,1.0,0.8,disc-t0.8
S08,coherence,6,1,1.0,0.8,disc-t0.8
S08,coherence,7,1,1.0,0.8,disc-t0.8
S08,coherence,8,1,1.0,0.8,disc-t0.8
S08,coherence,9,1,1.0,0.8,disc-t0.8
S08,coherence,10,1,1.0,0.8,disc-t0.8
S08,coherence,11,1,1.0,0.8,disc-t0.8
S08,coherence,12,1,1.0,0.8,disc-t0.8
S08,coherence,13,1,1.0,0.8,disc-t0.8
S08,coherence,14,1,1.0,0.8,disc-t0.8
S08,coherence,15,1,1.0,0.8,disc-t0.8
S08,coherence,16,1,1.0,0.8,disc-t0.8
S08,coherence,17,1,1.0,0.8,disc-t0.8
S08,coherence,18,1,1.0,0.8,disc-t0.8
S08,coherence,19,1,1.0,0.8,disc-t0.8
S08,coherence,20,1,1.0,0.8,disc-t0.8
S08,coherence,21,1,1.0,0.8,disc-t0.8
S08,coherence,22,1,1.0,0.8,disc-t0.8
S08,coherence,23,1,1.0,0.8,disc-t0.8
S08,coherence,24,1,1.0,0.8,disc-t0.8
S08,coherence,25,1,1.0,0.8,disc-t0.8
S08,coherence,26,1,1.0,0.8,disc-t0.8
S08,coherence,27,1,1.0,0.8,disc-t0.8
S08,coherence,28,1,1.0,0.8,disc-t0.8
S08,coherence,29,1,1.0,0.8,disc-t0.8
S08,coherence,30,1,1.0,0.8,disc-t0.8
S08,coherence,31,1,1.0,0.8,disc-t0.8
S08,coherence,32,1,1.0,0.8,disc-t0.8
S08,coherence,33,1,1.0,0.8,disc-t0.8
S08,coherence,34,1,1.0,0.8,disc-t0.8
S08,coherence,35,1,1.0,0.8,disc-t0.8
S08,coherence,36,1,1.0,0.8,disc-t0.8
S08,coherence,37,1,1.0,0.8,disc-t0.8
S08,coherence,38,1,1.0,0.8,disc-t0.8
S08,coherence,39,1,1.0,0.8,disc-t0.8
S08,coherence,40,1,1.0,0.8,disc-t0.8
S08,coherence,41,1,1.0,0.8,disc-t0.8
S08,coherence,42,1,1.0,0.8,disc-t0.8
S08,coherence,43,1,1.0,0.8,disc-t0.8
S08,coherence,44,1,1.0,0.8,disc-t0.8
S08,coherence,45,1,1.0,0.8,disc-t0.8
S08,coherence,46,1,1.0,0.8,disc-t0.8
S08,coherence,47,1,1.0,0.8,disc-t0.8
S08,coherence,48,1,1.0,0.8,disc-t0.8
S08,coherence,49,1,1.0,0.8,disc-t0.8
S08,fact,0,1,1.0,0.8,disc-t0.8
S08,fact,1,1,1.0,0.8,disc-t0.8
S08,fact,2,1,1.0,0.8,disc-t0.8
S08,fact,3,1,1.0,0.8,disc-t0.8
S08,fact,4,1,1.0,0.8,disc-t0.8
S08,fact,5,1,1.0,0.8,disc-t0.8
S08,fact,6,1,1.0,0.8,disc-t0.8
S08,fact,7,1,1.0,0.8,disc-t0.8
S08,fact,8,1,1.0,0.8,disc-t0.8
S08,fact,9,1,1.0,0.8,disc-t0.8
S08,fact,10,1,1.0,0.8,disc-t0.8
S08,fact,11,1,1.0,0.8,disc-t0.8
S08,fact,12,1,1.0,0.8,disc-t0.8
S08,fact,13,1,1.0,0.8,disc-t0.8
S08,fact,14,1,1.0,0.8,disc-t0.8
S08,fact,15,1,1.0,0.8,disc-t0.8
S08,fact,16,1,1.0,0.8,disc-t0.8
S08,fact,17,1,1.0,0.8,disc-t0.8
S08,fact,18,1,1.0,0.8,disc-t0.8
S08,fact,19,1,1.0,0.8,disc-t0.8
S08,fact,20,1,1.0,0.8,disc-t0.8
S08,fact,21,1,1.0,0.8,disc-t0.8
S08,fact,22,1,1.0,0.8,disc-t0.8
S08,fact,23,1,1.0,0.8,disc-t0.8
S08,fact,24,1,1.0,0.8,disc-t0.8
S08,fact,25,1,1.0,0.8,disc-t0.8
S08,fact,26,1,1.0,0.8,disc-t0.8
S08,fact,27,1,1.0,0.8,disc-t0.8
S08,fact,28,1,1.0,0.8,disc-t0.8
S08,fact,29,1,1.0,0.8,disc-t0.8
S08,fact,30,1,1.0,0.8,disc-t0.8
S08,fact,31,1,1.0,0.8,disc-t0.8
S08,fact,32,1,1.0,0.8,disc-t0.8
S08,fact,33,1,1.0,0.8,disc-t0.8
S08,fact,34,1,1.0,0.8,disc-t0.8
S08,fact,35,1,1.0,0.8,disc-t0.8
S08,fact,36,1,1.0,0.8,disc-t0.8
S08,fact,37,1,1.0,0.8,disc-t0.8
S08,fact,38,1,1.0,0.8,disc-t0.8
S08,fact,39,1,1.0,0.8,disc-t0.8
S08,fact,40,1,1.0,0.8,disc-t0.8
S08,fact,41,1,1.0,0.8,disc-t0.8
S08,fact,42,1,1.0,0.8,disc-t0.8
S08,fact,43,1,1.0,0.8,disc-t0.8
S08,fact,44,1,1.0,0.8,disc-t0.8
S08,fact,45,1,1.0,0.8,disc-t0.8
S08,fact,46,1,1.0,0.8,disc-t0.8
S08,fact,47,1,1.0,0.8,disc-t0.8
S08,fact,48,1,1.0,0.8,disc-t0.8
S08,fact,49,1,1.0,0.8,disc-t0.8
S08,pragmatic,0,1,1.0,0.8,disc-t0.8
S08,pragmatic,1,1,1.0,0.8,disc-t0.8
S08,pragmatic,2,1,1.0,0.8,disc-t0.8
S08,pragmatic,3,1,1.0,0.8,disc-t0.8
S08,pragmatic,4,1,1.0,0.8,disc-t0.8
S08,pragmatic,5,1,1.0,0.8,disc-t0.8
S08,pragmatic,6,1,1.0,0.8,disc-t0.8
S08,pragmatic,7,1,1.0,0.8,disc-t0.8
S08,pragmatic,8,1,1.0,0.8,disc-t0.8
S08,pragmatic,9,1,1.0,0.8,disc-t0.8
S08,pragmatic,10,1,1.0,0.8,disc-t0.8
S08,pragmatic,11,1,1.0,0.8,disc-t0.8
S08,pragmatic,12,1,1.0,0.8,disc-t0.8
S08,pragmatic,13,1,1.0,0.8,disc-t0.8
S08,pragmatic,14,1,1.0,0.8,disc-t0.8
S08,pragmatic,15,1,1.0,0.8,disc-t0.8
S08,pragmatic,16,1,1.0,0.8,disc-t0.8
S08,pragmatic,17,1,1.0,0.8,disc-t0.8
S08,pragmatic,18,1,1.0,0.8,disc-t0.8
S08,pragmatic,19,1,1.0,0.8,disc-t0.8
S08,pragmatic,20,1,1.0,0.8,disc-t0.8
S08,pragmatic,21,1,1.0,0.8,disc-t0.8
S08,pragmatic,22,1,1.0,0.8,disc-t0.8
S08,pragmatic,23,1,1.0,0.8,disc-t0.8
S08,pragmatic,24,1,1.0,0.8,disc-t0.8
S08,pragmatic,25,1,1.0,0.8,disc-t0.8
S08,pragmatic,26,1,1.0,0.8,disc-t0.8
S08,pragmatic,27,1,1.0,0.8,disc-t0.8
S08,pragmatic,28,1,1.0,0.8,disc-t0.8
S08,pragmatic,29,1,1.0,0.8,disc-t0.8
S08,pragmatic,30,1,1.0,0.8,disc-t0.8
S08,pragmatic,31,1,1.0,0.8,disc-t0.8
S08,pragmatic,32,1,1.0,0.8,disc-t0.8
S08,pragmatic,33,1,1.0,0.8,disc-t0.8
S08,pragmatic,34,1,1.0,0.8,disc-t0.8
S08,pragmatic,35,1,1.0,0.8,disc-t0.8
S08,pragmatic,36,1,1.0,0.8,disc-t0.8
S08,pragmatic,37,1,1.0,0.8,disc-t0.8
S08,pragmatic,38,1,1.0,0.8,disc-t0.8
S08,pragmatic,39,1,1.0,0.8,disc-t0.8
S08,pragmatic,40,1,1.0,0.8,disc-t0.8
S08,pragmatic,41,1,1.0,0.8,disc-t0.8
S08,pragmatic,42,1,1.0,0.8,disc-t0.8
S08,pragmatic,43,1,1.0,0.8,disc-t0.8
S08,pragmatic,44,1,1.0,0.8,disc-t0.8
S08,pragmatic,45,1,1.0,0.8,disc-t0.8
S08,pragmatic,46,1,1.0,0.8,disc-t0.8
S08,pragmatic,47,1,1.0,0.8,disc-t0.8
S08,pragmatic,48,1,1.0,0.8,disc-t0.8
S08,pragmatic,49,1,1.0,0.8,disc-t0.8
S09,coherence,0,1,1.0,0.8,disc-t0.8
S09,coherence,1,1,1.0,0.8,disc-t0.8
S09,coherence,2,1,1.0,0.8,disc-t0.8
S09,coherence,3,1,1.0,0.8,disc-t0.8
S09,coherence,4,1,1.0,0.8,disc-t0.8
S09,coherence,5,1,1.0,0.8,disc-t0.8
S09,coherence,6,1,1.0,0.8,disc-t0.8
S09,coherence,7,1,1.0,0.8,disc-t0.8
S09,coherence,8,1,1.0,0.8,disc-t0.8
S09,coherence,9,1,1.0,0.8,disc-t0.8
S09,coherence,10,1,1.0,0.8,disc-t0.8
S09,coherence,11,1,1.0,0.8,disc-t0.8
S09,coherence,12,1,1.0,0.8,disc-t0.8
S09,coherence,13,1,1.0,0.8,disc-t0.8
S09,coherence,14,1,1.0,0.8,disc-t0.8
S09,coherence,15,1,1.0,0.8,disc-t0.8
S09,coherence,16,1,1.0,0.8,disc-t0.8
S09,coherence,17,1,1.0,0.8,disc-t0.8
S09,coherence,18,1,1.0,0.8,disc-t0.8
S09,coherence,19,1,1.0,0.8,disc-t0.8
S09,coherence,20,1,1.0,0.8,disc-t0.8
S09,coherence,21,1,1.0,0.8,disc-t0.8
S09,coherence,22,1,1.0,0.8,disc-t0.8
S09,coherence,23,1,1.0,0.8,disc-t0.8
S09,coherence,24,1,1.0,0.8,disc-t0.8
S09,coherence,25,1,1.0,0.8,disc-t0.8
S09,coherence,26,1,1.0,0.8,disc-t0.8
S09,coherence,27,1,1.0,0.8,disc-t0.8
S09,coherence,28,1,1.0,0.8,disc-t0.8
S09,coherence,29,1,1.0,0.8,disc-t0.8
S09,coherence,30,1,1.0,0.8,disc-t0.8
S09,coherence,31,1,1.0,0.8,disc-t0.8
S09,coherence,32,1,1.0,0.8,disc-t0.8
S09,coherence,33,1,1.0,0.8,disc-t0.8
S09,coherence,34,1,1.0,0.8,disc-t0.8
S09,coherence,35,1,1.0,0.8,disc-t0.8
S09,coherence,36,1,1.0,0.8,disc-t0.8
S09,coherence,37,1,1.0,0.8,disc-t0.8
S09,coherence,38,1,1.0,0.8,disc-t0.8
S09,coherence,39,1,1.0,0.8,disc-t0.8
S09,coherence,40,1,1.0,0.8,disc-t0.8
S09,coherence,41,1,1.0,0.8,disc-t0.8
S09,coherence,42,1,1.0,0.8,disc-t0.8
S09,coherence,43,1,1.0,0.8,disc-t0.8
S09,coherence,44,1,1.0,0.8,disc-t0.8
S09,coherence,45,1,1.0,0.8,disc-t0.8
S09,coherence,46,1,1.0,0.8,disc-t0.8
S09,coherence,47,1,1.0,0.8,disc-t0.8
S09,coherence,48,1,1.0,0.8,disc-t0.8
S09,coherence,49,1,1.0,0.8,disc-t0.8
S09,fact,0,1,1.0,0.8,disc-t0.8
S09,fact,1,1,1.0,0.8,disc-t0.8
S09,fact,2,1,1.0,0.8,disc-t0.8
S09,fact,3,1,1.0,0.8,disc-t0.8
S09,fact,4,1,1.0,0.8,disc-t0.8
S09,fact,5,1,1.0,0.8,disc-t0.8
S09,fact,6,1,1.0,0.8,disc-t0.8
S09,fact,7,1,1.0,0.8,disc-t0.8
S09,fact,8,1,1.0,0.8,disc-t0.8
S09,fact,9,1,1.0,0.8,disc-t0.8
S09,fact,10,1,1.0,0.8,disc-t0.8
S09,fact,11,1,1.0,0.8,disc-t0.8
S09,fact,12,1,1.0,0.8,disc-t0.8
S09,fact,13,1,1.0,0.8,disc-t0.8
S09,fact,14,1,1.0,0.8,disc-t0.8
S09,fact,15,1,1.0,0.8,disc-t0.8
S09,fact,16,1,1.0,0.8,disc-t0.8
S09,fact,17,1,1.0,0.8,disc-t0.8
S09,fact,18,1,1.0,0.8,disc-t0.8
S09,fact,19,1,1.0,0.8,disc-t0.8
S09,fact,20,1,1.0,0.8,disc-t0.8
S09,fact,21,1,1.0,0.8,disc-t0.8
S09,fact,22,1,1.0,0.8,disc-t0.8
S09,fact,23,1,1.0,0.8,disc-t0.8
S09,fact,24,1,1.0,0.8,disc-t0.8
S09,fact,25,1,1.0,0.8,disc-t0.8
S09,fact,26,1,1.0,0.8,disc-t0.8
S09,fact,27,1,1.0,0.8,disc-t0.8
S09,fact,28,1,1.0,0.8,disc-t0.8
S09,fact,29,1,1.0,0.8,disc-t0.8
S09,fact,30,1,1.0,0.8,disc-t0.8
S09,fact,31,1,1.0,0.8,disc-t0.8
S09,fact,32,1,1.0,0.8,disc-t0.8
S09,fact,33,1,1.0,0.8,disc-t0.8
S09,fact,34,1,1.0,0.8,disc-t0.8
S09,fact,35,1,1.0,0.8,disc-t0.8
S09,fact,36,1,1.0,0.8,disc-t0.8
S09,fact,37,1,1.0,0.8,disc-t0.8
S09,fact,38,1,1.0,0.8,disc-t0.8
S09,fact,39,1,1.0,0.8,disc-t0.8
S09,fact,40,1,1.0,0.8,disc-t0.8
S09,fact,41,1,1.0,0.8,disc-t0.8
S09,fact,42,1,1.0,0.8,disc-t0.8
S09,fact,43,1,1.0,0.8,disc-t0.8
S09,fact,44,1,1.0,0.8,disc-t0.8
S09,fact,45,1,1.0,0.8,disc-t0.8
S09,fact,46,1,1.0,0.8,disc-t0.8
S09,fact,47,1,1.0,0.8,disc-t0.8
S09,fact,48,1,1.0,0.8,disc-t0.8
S09,fact,49,1,1.0,0.8,disc-t0.8
S09,pragmatic,0,1,1.0,0.8,disc-t0.8
S09,pragmatic,1,1,1.0,0.8,disc-t0.8
S09,pragmatic,2,1,1.0,0.8,disc-t0.8
S09,pragmatic,3,1,1.0,0.8,disc-t0.8
S09,pragmatic,4,1,1.0,0.8,disc-t0.8
S09,pragmatic,5,1,1.0,0.8,disc-t0.8
S09,pragmatic,6,1,1.0,0.8,disc-t0.8
S09,pragmatic,7,1,1.0,0.8,disc-t0.8
S09,pragmatic,8,1,1.0,0.8,disc-t0.8
S09,pragmatic,9,1,1.0,0.8,disc-t0.8
S09,pragmatic,10,1,1.0,0.8,disc-t0.8
S09,pragmatic,11,1,1.0,0.8,disc-t0.8
S09,pragmatic,12,1,1.0,0.8,disc-t0.8
S09,pragmatic,13,1,1.0,0.8,disc-t0.8
S09,pragmatic,14,1,1.0,0.8,disc-t0.8
S09,pragmatic,15,1,1.0,0.8,disc-t0.8
S09,pragmatic,16,1,1.0,0.8,disc-t0.8
S09,pragmatic,17,1,1.0,0.8,disc-t0.8
S09,pragmatic,18,1,1.0,0.8,disc-t0.8
S09,pragmatic,19,1,1.0,0.8,disc-t0.8
S09,pragmatic,20,1,1.0,0.8,disc-t0.8
S09,pragmatic,21,1,1.0,0.8,disc-t0.8
S09,pragmatic,22,1,1.0,0.8,disc-t0.8
S09,pragmatic,23,1,1.0,0.8,disc-t0.8
S09,pragmatic,24,1,1.0,0.8,disc-t0.8
S09,pragmatic,25,1,1.0,0.8,disc-t0.8
S09,pragmatic,26,1,1.0,0.8,disc-t0.8
S09,pragmatic,27,1,1.0,0.8,disc-t0.8
S09,pragmatic,28,1,1.0,0.8,disc-t0.8
S09,pragmatic,29,1,1.0,0.8,disc-t0.8
S09,pragmatic,30,1,1.0,0.8,disc-t0.8
S09,pragmatic,31,1,1.0,0.8,disc-t0.8
S09,pragmatic,32,1,1.0,0.8,disc-t0.8
S09,pragmatic,33,1,1.0,0.8,disc-t0.8
S09,pragmatic,34,1,1.0,0.8,disc-t0.8
S09,pragmatic,35,1,1.0,0.8,disc-t0.8
S09,pragmatic,36,1,1.0,0.8,disc-t0.8
S09,pragmatic,37,1,1.0,0.8,disc-t0.8
S09,pragmatic,38,1,1.0,0.8,disc-t0.8
S09,pragmatic,39,1,1.0,0.8,disc-t0.8
S09,pragmatic,40,1,1.0,0.8,disc-t0.8
S09,pragmatic,41,1,1.0,0.8,disc-t0.8
S09,pragmatic,42,1,1.0,0.8,disc-t0.8
S09,pragmatic,43,1,1.0,0.8,disc-t0.8
S09,pragmatic,44,1,1.0,0.8,disc-t0.8
S09,pragmatic,45,1,1.0,0.8,disc-t0.8
S09,pragmatic,46,1,1.0,0.8,disc-t0.8
S09,pragmatic,47,1,1.0,0.8,disc-t0.8
S09,pragmatic,48,1,1.0,0.8,disc-t0.8
S09,pragmatic,49,1,1.0,0.8,disc-t0.8
S10,coherence,0,0.5,0.5,0.8,disc-t0.8
S10,coherence,1,0.5,0.5,0.8,disc-t0.8
S10,coherence,2,0.5,0.5,0.8,disc-t0.8
S10,coherence,3,0.5,0.5,0.8,disc-t0.8
S10,coherence,4,0.5,0.5,0.8,disc-t0.8
S10,coherence,5,0.5,0.5,0.8,disc-t0.8
S10,coherence,6,0.5,0.5,0.8,disc-t0.8
S10,coherence,7,0.5,0.5,0.8,disc-t0.8
S10,coherence,8,0.5,0.5,0.8,disc-t0.8
S10,coherence,9,0.5,0.5,0.8,disc-t0.8
S10,coherence,10,0.5,0.5,0.8,disc-t0.8
S10,coherence,11,1,1.0,0.8,disc-t0.8
S10,coherence,12,0.5,0.5,0.8,disc-t0.8
S10,coherence,13,0.5,0.5,0.8,disc-t0.8
S10,coherence,14,0.5,0.5,0.8,disc-t0.8
S10,coherence,15,0.5,0.5,0.8,disc-t0.8
S10,coherence,16,0.5,0.5,0.8,disc-t0.8
S10,coherence,17,0.5,0.5,0.8,disc-t0.8
S10,coherence,18,1,1.0,0.8,disc-t0.8
S10,coherence,19,0.5,0.5,0.8,disc-t0.8
S10,coherence,20,0.5,0.5,0.8,disc-t0.8
S10,coherence,21,0.5,0.5,0.8,disc-t0.8
S10,coherence,22,0.5,0.5,0.8,disc-t0.8
S10,coherence,23,0,0.0,0.8,disc-t0.8
S10,coherence,24,0.5,0.5,0.8,disc-t0.8
S10,coherence,25,1,1.0,0.8,disc-t0.8
S10,coherence,26,0.5,0.5,0.8,disc-t0.8
S10,coherence,27,0.5,0.5,0.8,disc-t0.8
S10,coherence,28,0.5,0.5,0.8,disc-t0.8
S10,coherence,29,0.5,0.5,0.8,disc-t0.8
S10,coherence,30,0.5,0.5,0.8,disc-t0.8
S10,coherence,31,0.5,0.5,0.8,disc-t0.8
S10,coherence,32,1,1.0,0.8,disc-t0.8
S10,coherence,33,0.5,0.5,0.8,disc-t0.8
S10,coherence,34,0.5,0.5,0.8,disc-t0.8
S10,coherence,35,0.5,0.5,0.8,disc-t0.8
S10,coherence,36,0.5,0.5,0.8,disc-t0.8
S10,coherence,37,0.5,0.5,0.8,disc-t0.8
S10,coherence,38,1,1.0,0.8,disc-t0.8
S10,coherence,39,0.5,0.5,0.8,disc-t0.8
S10,coherence,40,1,1.0,0.8,disc-t0.8
S10,coherence,41,0.5,0.5,0.8,disc-t0.8
S10,coherence,42,0.5,0.5,0.8,disc-t0.8
S10,coherence,43,0.5,0.5,0.8,disc-t0.8
S10,coherence,44,0.5,0.5,0.8,disc-t0.8
S10,coherence,45,0.5,0.5,0.8,disc-t0.8
S10,coherence,46,0.5,0.5,0.8,disc-t0.8
S10,coherence,47,0.5,0.5,0.8,disc-t0.8
S10,coherence,48,1,1.0,0.8,disc-t0.8
S10,coherence,49,0.5,0.5,0.8,disc-t0.8
S10,fact,0,1,1.0,0.8,disc-t0.8
S10,fact,1,0.5,0.5,0.8,disc-t0.8
S10,fact,2,0.5,0.5,0.8,disc-t0.8
S10,fact,3,0.5,0.5,0.8,disc-t0.8
S10,fact,4,0.5,0.5,0.8,disc-t0.8
S10,fact,5,0.5,0.5,0.8,disc-t0.8
S10,fact,6,0.5,0.5,0.8,disc-t0.8
S10,fact,7,1,1.0,0.8,disc-t0.8
S10,fact,8,0.5,0.5,0.8,disc-t0.8
S10,fact,9,0.5,0.5,0.8,disc-t0.8
S10,fact,10,0.5,0.5,0.8,disc-t0.8
S10,fact,11,0.5,0.5,0.8,disc-t0.8
S10,fact,12,0.5,0.5,0.8,disc-t0.8
S10,fact,13,0.5,0.5,0.8,disc-t0.8
S10,fact,14,0.5,0.5,0.8,disc-t0.8
S10,fact,15,0.5,0.5,0.8,disc-t0.8
S10,fact,16,1,1.0,0.8,disc-t0.8
S10,fact,17,0.5,0.5,0.8,disc-t0.8
S10,fact,18,1,1.0,0.8,disc-t0.8
S10,fact,19,1,1.0,0.8,disc-t0.8
S10,fact,20,0.5,0.5,0.8,disc-t0.8
S10,fact,21,0.5,0.5,0.8,disc-t0.8
S10,fact,22,0.5,0.5,0.8,disc-t0.8
S10,fact,23,0.5,0.5,0.8,disc-t0.8
S10,fact,24,0.5,0.5,0.8,disc-t0.8
S10,fact,25,0.5,0.5,0.8,disc-t0.8
S10,fact,26,0.5,0.5,0.8,disc-t0.8
S10,fact,27,1,1.0,0.8,disc-t0.8
S10,fact,28,0.5,0.5,0.8,disc-t0.8
S10,fact,29,0.5,0.5,0.8,disc-t0.8
S10,fact,30,0.5,0.5,0.8,disc-t0.8
S10,fact,31,1,1.0,0.8,disc-t0.8
S10,fact,32,1,1.0,0.8,disc-t0.8
S10,fact,33,0.5,0.5,0.8,disc-t0.8
S10,fact,34,0.5,0.5,0.8,disc-t0.8
S10,fact,35,1,1.0,0.8,disc-t0.8
S10,fact,36,0.5,0.5,0.8,disc-t0.8
S10,fact,37,0.5,0.5,0.8,disc-t0.8
S10,fact,38,0.5,0.5,0.8,disc-t0.8
S10,fact,39,0.5,0.5,0.8,disc-t0.8
S10,fact,40,0.5,0.5,0.8,disc-t0.8
S10,fact,41,0.5,0.5,0.8,disc-t0.8
S10,fact,42,1,1.0,0.8,disc-t0.8
S10,fact,43,0.5,0.5,0.8,disc-t0.8
S10,fact,44,0.5,0.5,0.8,disc-t0.8
S10,fact,45,0.5,0.5,0.8,disc-t0.8
S10,fact,46,0.5,0.5,0.8,disc-t0.8
S10,fact,47,0.5,0.5,0.8,disc-t0.8
S10,fact,48,0.5,0.5,0.8,disc-t0.8
S10,fact,49,0.5,0.5,0.8,disc-t0.8
S10,pragmatic,0,1,1.0,0.8,disc-t0.8
S10,pragmatic,1,1,1.0,0.8,disc-t0.8
S10,pragmatic,2,1,1.0,0.8,disc-t0.8
S10,pragmatic,3,1,1.0,0.8,disc-t0.8
S10,pragmatic,4,0.5,0.5,0.8,disc-t0.8
S10,pragmatic,5,1,1.0,0.8,disc-t0.8
S10,pragmatic,6,1,1.0,0.8,disc-t0.8
S10,pragmatic,7,0.5,0.5,0.8,disc-t0.8
S10,pragmatic,8,0.5,0.5,0.8,disc-t0.8
S10,pragmatic,9,0.5,0.5,0.8,disc-t0.8
S10,pragmatic,10,0.5,0.5,0.8,disc-t0.8
S10,pragmatic,11,1,1.0,0.8,disc-t0.8
S10,pragmatic,12,1,1.0,0.8,disc-t0.8
S10,pragmatic,13,1,1.0,0.8,disc-t0.8
S10,pragmatic,14,1,1.0,0.8,disc-t0.8
S10,pragmatic,15,1,1.0,0.8,disc-t0.8
S10,pragmatic,16,1,1.0,0.8,disc-t0.8
S10,pragmatic,17,1,1.0,0.8,disc-t0.8
S10,pragmatic,18,0.5,0.5,0.8,disc-t0.8
S10,pragmatic,19,1,1.0,0.8,disc-t0.8
S10,pragmatic,20,0.5,0.5,0.8,disc-t0.8
S10,pragmatic,21,0.5,0.5,0.8,disc-t0.8
S10,pragmatic,22,1,1.0,0.8,disc-t0.8
S10,pragmatic,23,1,1.0,0.8,disc-t0.8
S10,pragmatic,24,0.5,0.5,0.8,disc-t0.8
S10,pragmatic,25,1,1.0,0.8,disc-t0.8
S10,pragmatic,26,1,1.0,0.8,disc-t0.8
S10,pragmatic,27,1,1.0,0.8,disc-t0.8
S10,pragmatic,28,0,0.0,0.8,disc-t0.8
S10,pragmatic,29,0.5,0.5,0.8,disc-t0.8
S10,pragmatic,30,1,1.0,0.8,disc-t0.8
S10,pragmatic,31,0.5,0.5,0.8,disc-t0.8
S10,pragmatic,32,1,1.0,0.8,disc-t0.8
S10,pragmatic,33,1,1.0,0.8,disc-t0.8
S10,pragmatic,34,1,1.0,0.8,disc-t0.8
S10,pragmatic,35,0.5,0.5,0.8,disc-t0.8
S10,pragmatic,36,0.5,0.5,0.8,disc-t0.8
S10,pragmatic,37,1,1.0,0.8,disc-t0.8
S10,pragmatic,38,1,1.0,0.8,disc-t0.8
S10,pragmatic,39,1,1.0,0.8,disc-t0.8
S10,pragmatic,40,0.5,0.5,0.8,disc-t0.8
S10,pragmatic,41,1,1.0,0.8,disc-t0.8
S10,pragmatic,42,1,1.0,0.8,disc-t0.8
S10,pragmatic,43,1,1.0,0.8,disc-t0.8
S10,pragmatic,44,1,1.0,0.8,disc-t0.8
S10,pragmatic,45,0.5,0.5,0.8,disc-t0.8
S10,pragmatic,46,0.5,0.5,0.8,disc-t0.8
S10,pragmatic,47,0.5,0.5,0.8,disc-t0.8
S10,pragmatic,48,0.5,0.5,0.8,disc-t0.8
S10,pragmatic,49,1,1.0,0.8,disc-t0.8
